2026-09-27 07:36:23.401	    7fc77e91ee80	INFO	logging	contrib/epee/src/mlog.cpp:273	New log categories: *:WARNING,net:FATAL,net.http:FATAL,net.ssl:FATAL,net.p2p:FATAL,net.cn:FATAL,daemon.rpc:FATAL,global:INFO,verify:FATAL,serialization:FATAL,daemon.rpc.payment:ERROR,stacktrace:INFO,logging:INFO,msgwriter:INFO
2026-09-27 07:36:23.401	    7fc77e91ee80	INFO	logging	contrib/epee/src/mlog.cpp:273	New log categories: *:WARNING,net:FATAL,net.http:FATAL,net.ssl:FATAL,net.p2p:FATAL,net.cn:FATAL,daemon.rpc:FATAL,global:INFO,verify:FATAL,serialization:FATAL,daemon.rpc.payment:ERROR,stacktrace:INFO,logging:INFO,msgwriter:INFO
2026-09-27 07:36:23.401	    7fc77e91ee80	INFO	msgwriter	src/common/scoped_message_writer.h:102	This is the RPC monero wallet. It needs to connect to a monero
2026-09-27 07:36:23.401	    7fc77e91ee80	INFO	msgwriter	src/common/scoped_message_writer.h:102	daemon to work correctly.
2026-09-27 07:36:23.401	    7fc77e91ee80	INFO	msgwriter	src/common/scoped_message_writer.h:102	Monero 'Fluorine Fermi' (v0.18.3.1-unknown)
2026-09-27 07:36:23.401	    7fc77e91ee80	INFO	msgwriter	src/common/scoped_message_writer.h:102	Logging to monero-wallet-rpc.log
2026-09-27 07:36:23.403	    7fc77e91ee80	INFO	global	contrib/epee/include/net/http_server_impl_base.h:79	Binding on 127.0.0.1 (IPv4):18088
2026-09-27 07:36:24.676	    7fc77e91ee80	WARNING	wallet.rpc	src/wallet/wallet_rpc_server.cpp:4660	Starting wallet RPC server
2026-09-27 07:36:29.925	[RPC0]	ERROR	wallet.wallet2	src/wallet/wallet2.cpp:6105	e || !exists. THROW EXCEPTION: error::file_not_found
2026-09-27 07:36:29.926	[RPC0]	INFO	stacktrace	src/common/stack_trace.cpp:133	Exception: tools::error::file_error_base<1>
2026-09-27 07:36:29.926	[RPC0]	INFO	stacktrace	src/common/stack_trace.cpp:134	Unwound call stack:
2026-09-27 07:36:29.926	[RPC0]	INFO	stacktrace	src/common/stack_trace.cpp:172	    [1]  0xad) [0x55ea569d3775]:__cxa_throw+0xad) [0x55ea569d3775]
2026-09-27 07:36:29.926	[RPC0]	INFO	stacktrace	src/common/stack_trace.cpp:172	    [2] monero-wallet-rpc(+0x456c2a) [0x55ea56cf6c2a] 
2026-09-27 07:36:29.926	[RPC0]	INFO	stacktrace	src/common/stack_trace.cpp:172	    [3] monero-wallet-rpc(+0x3e10db) [0x55ea56c810db] 
2026-09-27 07:36:29.926	[RPC0]	INFO	stacktrace	src/common/stack_trace.cpp:172	    [4] monero-wallet-rpc(+0x3e3027) [0x55ea56c83027] 
2026-09-27 07:36:29.926	[RPC0]	INFO	stacktrace	src/common/stack_trace.cpp:172	    [5] monero-wallet-rpc(+0x1ae377) [0x55ea56a4e377] 
2026-09-27 07:36:29.926	[RPC0]	INFO	stacktrace	src/common/stack_trace.cpp:172	    [6] monero-wallet-rpc(+0x2eee78) [0x55ea56b8ee78] 
2026-09-27 07:36:29.926	[RPC0]	INFO	stacktrace	src/common/stack_trace.cpp:172	    [7] monero-wallet-rpc(+0x30e7d3) [0x55ea56bae7d3] 
2026-09-27 07:36:29.926	[RPC0]	INFO	stacktrace	src/common/stack_trace.cpp:172	    [8] monero-wallet-rpc(+0x2050a5) [0x55ea56aa50a5] 
2026-09-27 07:36:29.926	[RPC0]	INFO	stacktrace	src/common/stack_trace.cpp:172	    [9] monero-wallet-rpc(+0x2c2fac) [0x55ea56b62fac] 
2026-09-27 07:36:29.926	[RPC0]	INFO	stacktrace	src/common/stack_trace.cpp:172	    [10] monero-wallet-rpc(+0x2c36c0) [0x55ea56b636c0] 
2026-09-27 07:36:29.926	[RPC0]	INFO	stacktrace	src/common/stack_trace.cpp:172	    [11] monero-wallet-rpc(+0x2d2f47) [0x55ea56b72f47] 
2026-09-27 07:36:29.926	[RPC0]	INFO	stacktrace	src/common/stack_trace.cpp:172	    [12] monero-wallet-rpc(+0x2d3092) [0x55ea56b73092] 
2026-09-27 07:36:29.926	[RPC0]	INFO	stacktrace	src/common/stack_trace.cpp:172	    [13] monero-wallet-rpc(+0x1eea25) [0x55ea56a8ea25] 
2026-09-27 07:36:29.926	[RPC0]	INFO	stacktrace	src/common/stack_trace.cpp:172	    [14] monero-wallet-rpc(+0x1ef579) [0x55ea56a8f579] 
2026-09-27 07:36:29.926	[RPC0]	INFO	stacktrace	src/common/stack_trace.cpp:172	    [15] monero-wallet-rpc(+0x1979a1) [0x55ea56a379a1] 
2026-09-27 07:36:29.926	[RPC0]	INFO	stacktrace	src/common/stack_trace.cpp:172	    [16] monero-wallet-rpc(+0x20f00a) [0x55ea56aaf00a] 
2026-09-27 07:36:29.926	[RPC0]	INFO	stacktrace	src/common/stack_trace.cpp:172	    [17]  0x1699f) [0x7fc77ed4899f]:_64-linux-gnu/libboost_thread.so.1.83.0(+0x1699f) [0x7fc77ed4899f]
2026-09-27 07:36:29.926	[RPC0]	INFO	stacktrace	src/common/stack_trace.cpp:172	    [18]  0x9caa4) [0x7fc77dc9caa4]:_64-linux-gnu/libc.so.6(+0x9caa4) [0x7fc77dc9caa4]
2026-09-27 07:36:29.926	[RPC0]	INFO	stacktrace	src/common/stack_trace.cpp:172	    [19]  0x129c6c) [0x7fc77dd29c6c]:_64-linux-gnu/libc.so.6(+0x129c6c) [0x7fc77dd29c6c]
2026-09-27 07:36:29.926	[RPC0]	INFO	stacktrace	src/common/stack_trace.cpp:172	
2026-09-27 07:36:37.225	[RPC0]	ERROR	wallet.wallet2	src/wallet/wallet2.cpp:6105	e || !exists. THROW EXCEPTION: error::file_not_found
2026-09-27 07:36:37.225	[RPC0]	INFO	stacktrace	src/common/stack_trace.cpp:133	Exception: tools::error::file_error_base<1>
2026-09-27 07:36:37.225	[RPC0]	INFO	stacktrace	src/common/stack_trace.cpp:134	Unwound call stack:
2026-09-27 07:36:37.226	[RPC0]	INFO	stacktrace	src/common/stack_trace.cpp:172	    [1]  0xad) [0x55ea569d3775]:__cxa_throw+0xad) [0x55ea569d3775]
2026-09-27 07:36:37.226	[RPC0]	INFO	stacktrace	src/common/stack_trace.cpp:172	    [2] monero-wallet-rpc(+0x456c2a) [0x55ea56cf6c2a] 
2026-09-27 07:36:37.226	[RPC0]	INFO	stacktrace	src/common/stack_trace.cpp:172	    [3] monero-wallet-rpc(+0x3e10db) [0x55ea56c810db] 
2026-09-27 07:36:37.226	[RPC0]	INFO	stacktrace	src/common/stack_trace.cpp:172	    [4] monero-wallet-rpc(+0x3e3027) [0x55ea56c83027] 
2026-09-27 07:36:37.226	[RPC0]	INFO	stacktrace	src/common/stack_trace.cpp:172	    [5] monero-wallet-rpc(+0x1ae377) [0x55ea56a4e377] 
2026-09-27 07:36:37.226	[RPC0]	INFO	stacktrace	src/common/stack_trace.cpp:172	    [6] monero-wallet-rpc(+0x2eee78) [0x55ea56b8ee78] 
2026-09-27 07:36:37.226	[RPC0]	INFO	stacktrace	src/common/stack_trace.cpp:172	    [7] monero-wallet-rpc(+0x30e7d3) [0x55ea56bae7d3] 
2026-09-27 07:36:37.226	[RPC0]	INFO	stacktrace	src/common/stack_trace.cpp:172	    [8] monero-wallet-rpc(+0x2050a5) [0x55ea56aa50a5] 
2026-09-27 07:36:37.226	[RPC0]	INFO	stacktrace	src/common/stack_trace.cpp:172	    [9] monero-wallet-rpc(+0x2c2fac) [0x55ea56b62fac] 
2026-09-27 07:36:37.226	[RPC0]	INFO	stacktrace	src/common/stack_trace.cpp:172	    [10] monero-wallet-rpc(+0x2c36c0) [0x55ea56b636c0] 
2026-09-27 07:36:37.226	[RPC0]	INFO	stacktrace	src/common/stack_trace.cpp:172	    [11] monero-wallet-rpc(+0x2d2f47) [0x55ea56b72f47] 
2026-09-27 07:36:37.226	[RPC0]	INFO	stacktrace	src/common/stack_trace.cpp:172	    [12] monero-wallet-rpc(+0x2d3092) [0x55ea56b73092] 
2026-09-27 07:36:37.226	[RPC0]	INFO	stacktrace	src/common/stack_trace.cpp:172	    [13] monero-wallet-rpc(+0x1eea25) [0x55ea56a8ea25] 
2026-09-27 07:36:37.226	[RPC0]	INFO	stacktrace	src/common/stack_trace.cpp:172	    [14] monero-wallet-rpc(+0x1ef579) [0x55ea56a8f579] 
2026-09-27 07:36:37.226	[RPC0]	INFO	stacktrace	src/common/stack_trace.cpp:172	    [15] monero-wallet-rpc(+0x1979a1) [0x55ea56a379a1] 
2026-09-27 07:36:37.226	[RPC0]	INFO	stacktrace	src/common/stack_trace.cpp:172	    [16] monero-wallet-rpc(+0x20f00a) [0x55ea56aaf00a] 
2026-09-27 07:36:37.226	[RPC0]	INFO	stacktrace	src/common/stack_trace.cpp:172	    [17]  0x1699f) [0x7fc77ed4899f]:_64-linux-gnu/libboost_thread.so.1.83.0(+0x1699f) [0x7fc77ed4899f]
2026-09-27 07:36:37.226	[RPC0]	INFO	stacktrace	src/common/stack_trace.cpp:172	    [18]  0x9caa4) [0x7fc77dc9caa4]:_64-linux-gnu/libc.so.6(+0x9caa4) [0x7fc77dc9caa4]
2026-09-27 07:36:37.226	[RPC0]	INFO	stacktrace	src/common/stack_trace.cpp:172	    [19]  0x129c6c) [0x7fc77dd29c6c]:_64-linux-gnu/libc.so.6(+0x129c6c) [0x7fc77dd29c6c]
2026-09-27 07:36:37.226	[RPC0]	INFO	stacktrace	src/common/stack_trace.cpp:172	
2026-09-27 07:36:49.101	[SRV_MAIN]	WARNING	wallet.rpc	src/wallet/wallet_rpc_server.cpp:4670	Stopped wallet RPC server
2026-09-27 07:36:49.101	[SRV_MAIN]	WARNING	wallet.rpc	src/wallet/wallet_rpc_server.cpp:4673	Saving wallet...
2026-09-27 07:36:49.108	[SRV_MAIN]	WARNING	wallet.rpc	src/wallet/wallet_rpc_server.cpp:4675	Successfully saved
2026-09-27 07:37:19.450	    7fe925d1ee80	INFO	logging	contrib/epee/src/mlog.cpp:273	New log categories: *:WARNING,net:FATAL,net.http:FATAL,net.ssl:FATAL,net.p2p:FATAL,net.cn:FATAL,daemon.rpc:FATAL,global:INFO,verify:FATAL,serialization:FATAL,daemon.rpc.payment:ERROR,stacktrace:INFO,logging:INFO,msgwriter:INFO
2026-09-27 07:37:19.450	    7fe925d1ee80	INFO	logging	contrib/epee/src/mlog.cpp:273	New log categories: *:WARNING,net:FATAL,net.http:FATAL,net.ssl:FATAL,net.p2p:FATAL,net.cn:FATAL,daemon.rpc:FATAL,global:INFO,verify:FATAL,serialization:FATAL,daemon.rpc.payment:ERROR,stacktrace:INFO,logging:INFO,msgwriter:INFO
2026-09-27 07:37:19.450	    7fe925d1ee80	INFO	msgwriter	src/common/scoped_message_writer.h:102	This is the RPC monero wallet. It needs to connect to a monero
2026-09-27 07:37:19.450	    7fe925d1ee80	INFO	msgwriter	src/common/scoped_message_writer.h:102	daemon to work correctly.
2026-09-27 07:37:19.450	    7fe925d1ee80	INFO	msgwriter	src/common/scoped_message_writer.h:102	Monero 'Fluorine Fermi' (v0.18.3.1-unknown)
2026-09-27 07:37:19.450	    7fe925d1ee80	INFO	msgwriter	src/common/scoped_message_writer.h:102	Logging to monero-wallet-rpc.log
2026-09-27 07:37:19.452	    7fe925d1ee80	INFO	global	contrib/epee/include/net/http_server_impl_base.h:79	Binding on 127.0.0.1 (IPv4):18088
2026-09-27 07:37:20.979	    7fe925d1ee80	WARNING	wallet.rpc	src/wallet/wallet_rpc_server.cpp:4660	Starting wallet RPC server
2026-09-27 07:37:24.664	[RPC0]	WARNING	wallet.wallet2	src/wallet/wallet2.cpp:6115	Loaded wallet keys file, with public address: 48c66EdeUBKHp3iWTzTvTWN3mJB44AjUAB5eLxZcioacKQkuRTjm31oAcv7tTemmzcftWQbAZ4GTpAuaQBqkTjVnJPoSKkw
2026-09-27 07:38:24.966	[RPC0]	ERROR	wallet.wallet2	src/wallet/wallet2.cpp:14967	!r. THROW EXCEPTION: tools::error::no_connection_to_daemon
2026-09-27 07:38:24.966	[RPC0]	INFO	stacktrace	src/common/stack_trace.cpp:133	Exception: tools::error::no_connection_to_daemon
2026-09-27 07:38:24.966	[RPC0]	INFO	stacktrace	src/common/stack_trace.cpp:134	Unwound call stack:
2026-09-27 07:38:24.966	[RPC0]	INFO	stacktrace	src/common/stack_trace.cpp:172	    [1]  0xad) [0x55e669a8f775]:__cxa_throw+0xad) [0x55e669a8f775]
2026-09-27 07:38:24.966	[RPC0]	INFO	stacktrace	src/common/stack_trace.cpp:172	    [2] monero-wallet-rpc(+0x101988) [0x55e669a5d988] 
2026-09-27 07:38:24.966	[RPC0]	INFO	stacktrace	src/common/stack_trace.cpp:172	    [3] monero-wallet-rpc(+0x3452cc) [0x55e669ca12cc] 
2026-09-27 07:38:24.966	[RPC0]	INFO	stacktrace	src/common/stack_trace.cpp:172	    [4] monero-wallet-rpc(+0x3ae66b) [0x55e669d0a66b] 
2026-09-27 07:38:24.966	[RPC0]	INFO	stacktrace	src/common/stack_trace.cpp:172	    [5] monero-wallet-rpc(+0x3af4ce) [0x55e669d0b4ce] 
2026-09-27 07:38:24.966	[RPC0]	INFO	stacktrace	src/common/stack_trace.cpp:172	    [6] monero-wallet-rpc(+0x3b0779) [0x55e669d0c779] 
2026-09-27 07:38:24.966	[RPC0]	INFO	stacktrace	src/common/stack_trace.cpp:172	    [7] monero-wallet-rpc(+0x62ef5b) [0x55e669f8af5b] 
2026-09-27 07:38:24.966	[RPC0]	INFO	stacktrace	src/common/stack_trace.cpp:172	    [8] monero-wallet-rpc(+0x62f1f2) [0x55e669f8b1f2] 
2026-09-27 07:38:24.966	[RPC0]	INFO	stacktrace	src/common/stack_trace.cpp:172	    [9] monero-wallet-rpc(+0x3f064e) [0x55e669d4c64e] 
2026-09-27 07:38:24.966	[RPC0]	INFO	stacktrace	src/common/stack_trace.cpp:172	    [10] monero-wallet-rpc(+0x19901d) [0x55e669af501d] 
2026-09-27 07:38:24.966	[RPC0]	INFO	stacktrace	src/common/stack_trace.cpp:172	    [11] monero-wallet-rpc(+0x1a1432) [0x55e669afd432] 
2026-09-27 07:38:24.966	[RPC0]	INFO	stacktrace	src/common/stack_trace.cpp:172	    [12] monero-wallet-rpc(+0x18d88f) [0x55e669ae988f] 
2026-09-27 07:38:24.966	[RPC0]	INFO	stacktrace	src/common/stack_trace.cpp:172	    [13] monero-wallet-rpc(+0x1ef579) [0x55e669b4b579] 
2026-09-27 07:38:24.966	[RPC0]	INFO	stacktrace	src/common/stack_trace.cpp:172	    [14] monero-wallet-rpc(+0x1979a1) [0x55e669af39a1] 
2026-09-27 07:38:24.966	[RPC0]	INFO	stacktrace	src/common/stack_trace.cpp:172	    [15] monero-wallet-rpc(+0x20f00a) [0x55e669b6b00a] 
2026-09-27 07:38:24.966	[RPC0]	INFO	stacktrace	src/common/stack_trace.cpp:172	    [16]  0x1699f) [0x7fe92607e99f]:_64-linux-gnu/libboost_thread.so.1.83.0(+0x1699f) [0x7fe92607e99f]
2026-09-27 07:38:24.966	[RPC0]	INFO	stacktrace	src/common/stack_trace.cpp:172	    [17]  0x9caa4) [0x7fe92509caa4]:_64-linux-gnu/libc.so.6(+0x9caa4) [0x7fe92509caa4]
2026-09-27 07:38:24.966	[RPC0]	INFO	stacktrace	src/common/stack_trace.cpp:172	    [18]  0x129c6c) [0x7fe925129c6c]:_64-linux-gnu/libc.so.6(+0x129c6c) [0x7fe925129c6c]
2026-09-27 07:38:24.966	[RPC0]	INFO	stacktrace	src/common/stack_trace.cpp:172	
2026-09-27 07:38:24.967	[RPC0]	INFO	stacktrace	src/common/stack_trace.cpp:133	Exception: boost::exception_detail::clone_impl<boost::system::system_error>
2026-09-27 07:38:24.967	[RPC0]	INFO	stacktrace	src/common/stack_trace.cpp:134	Unwound call stack:
2026-09-27 07:38:24.967	[RPC0]	INFO	stacktrace	src/common/stack_trace.cpp:172	    [1]  0xad) [0x55e669a8f775]:__cxa_throw+0xad) [0x55e669a8f775]
2026-09-27 07:38:24.967	[RPC0]	INFO	stacktrace	src/common/stack_trace.cpp:172	    [2] monero-wallet-rpc(+0x15fcb0) [0x55e669abbcb0] 
2026-09-27 07:38:24.967	[RPC0]	INFO	stacktrace	src/common/stack_trace.cpp:172	    [3] monero-wallet-rpc(+0x79349c) [0x55e66a0ef49c] 
2026-09-27 07:38:24.967	[RPC0]	INFO	stacktrace	src/common/stack_trace.cpp:172	    [4] monero-wallet-rpc(+0x794963) [0x55e66a0f0963] 
2026-09-27 07:38:24.967	[RPC0]	INFO	stacktrace	src/common/stack_trace.cpp:172	    [5] monero-wallet-rpc(+0x794fc1) [0x55e66a0f0fc1] 
2026-09-27 07:38:24.967	[RPC0]	INFO	stacktrace	src/common/stack_trace.cpp:172	    [6] monero-wallet-rpc(+0x77a80f) [0x55e66a0d680f] 
2026-09-27 07:38:24.967	[RPC0]	INFO	stacktrace	src/common/stack_trace.cpp:172	    [7] monero-wallet-rpc(+0x77b3f4) [0x55e66a0d73f4] 
2026-09-27 07:38:24.967	[RPC0]	INFO	stacktrace	src/common/stack_trace.cpp:172	    [8] monero-wallet-rpc(+0x77b916) [0x55e66a0d7916] 
2026-09-27 07:38:24.967	[RPC0]	INFO	stacktrace	src/common/stack_trace.cpp:172	    [9] monero-wallet-rpc(+0x78e31a) [0x55e66a0ea31a] 
2026-09-27 07:38:24.967	[RPC0]	INFO	stacktrace	src/common/stack_trace.cpp:172	    [10] monero-wallet-rpc(+0x4c5161) [0x55e669e21161] 
2026-09-27 07:38:24.967	[RPC0]	INFO	stacktrace	src/common/stack_trace.cpp:172	    [11] monero-wallet-rpc(+0x3ae622) [0x55e669d0a622] 
2026-09-27 07:38:24.967	[RPC0]	INFO	stacktrace	src/common/stack_trace.cpp:172	    [12] monero-wallet-rpc(+0x3af4ce) [0x55e669d0b4ce] 
2026-09-27 07:38:24.967	[RPC0]	INFO	stacktrace	src/common/stack_trace.cpp:172	    [13] monero-wallet-rpc(+0x3b0779) [0x55e669d0c779] 
2026-09-27 07:38:24.967	[RPC0]	INFO	stacktrace	src/common/stack_trace.cpp:172	    [14] monero-wallet-rpc(+0x62ef5b) [0x55e669f8af5b] 
2026-09-27 07:38:24.967	[RPC0]	INFO	stacktrace	src/common/stack_trace.cpp:172	    [15] monero-wallet-rpc(+0x62f1f2) [0x55e669f8b1f2] 
2026-09-27 07:38:24.967	[RPC0]	INFO	stacktrace	src/common/stack_trace.cpp:172	    [16] monero-wallet-rpc(+0x3f064e) [0x55e669d4c64e] 
2026-09-27 07:38:24.967	[RPC0]	INFO	stacktrace	src/common/stack_trace.cpp:172	    [17] monero-wallet-rpc(+0x19901d) [0x55e669af501d] 
2026-09-27 07:38:24.967	[RPC0]	INFO	stacktrace	src/common/stack_trace.cpp:172	    [18] monero-wallet-rpc(+0x1a1432) [0x55e669afd432] 
2026-09-27 07:38:24.967	[RPC0]	INFO	stacktrace	src/common/stack_trace.cpp:172	    [19] monero-wallet-rpc(+0x18d88f) [0x55e669ae988f] 
2026-09-27 07:38:24.967	[RPC0]	INFO	stacktrace	src/common/stack_trace.cpp:172	    [20] monero-wallet-rpc(+0x1ef579) [0x55e669b4b579] 
2026-09-27 07:38:24.967	[RPC0]	INFO	stacktrace	src/common/stack_trace.cpp:172	    [21] monero-wallet-rpc(+0x1979a1) [0x55e669af39a1] 
2026-09-27 07:38:24.967	[RPC0]	INFO	stacktrace	src/common/stack_trace.cpp:172	    [22] monero-wallet-rpc(+0x20f00a) [0x55e669b6b00a] 
2026-09-27 07:38:24.967	[RPC0]	INFO	stacktrace	src/common/stack_trace.cpp:172	    [23]  0x1699f) [0x7fe92607e99f]:_64-linux-gnu/libboost_thread.so.1.83.0(+0x1699f) [0x7fe92607e99f]
2026-09-27 07:38:24.967	[RPC0]	INFO	stacktrace	src/common/stack_trace.cpp:172	    [24]  0x9caa4) [0x7fe92509caa4]:_64-linux-gnu/libc.so.6(+0x9caa4) [0x7fe92509caa4]
2026-09-27 07:38:24.967	[RPC0]	INFO	stacktrace	src/common/stack_trace.cpp:172	    [25]  0x129c6c) [0x7fe925129c6c]:_64-linux-gnu/libc.so.6(+0x129c6c) [0x7fe925129c6c]
2026-09-27 07:38:24.967	[RPC0]	INFO	stacktrace	src/common/stack_trace.cpp:172	
2026-09-27 07:38:24.967	[RPC0]	ERROR	wallet.wallet2	src/wallet/wallet2.cpp:14967	!r. THROW EXCEPTION: tools::error::no_connection_to_daemon
2026-09-27 07:38:24.967	[RPC0]	INFO	stacktrace	src/common/stack_trace.cpp:133	Exception: tools::error::no_connection_to_daemon
2026-09-27 07:38:24.967	[RPC0]	INFO	stacktrace	src/common/stack_trace.cpp:134	Unwound call stack:
2026-09-27 07:38:24.967	[RPC0]	INFO	stacktrace	src/common/stack_trace.cpp:172	    [1]  0xad) [0x55e669a8f775]:__cxa_throw+0xad) [0x55e669a8f775]
2026-09-27 07:38:24.967	[RPC0]	INFO	stacktrace	src/common/stack_trace.cpp:172	    [2] monero-wallet-rpc(+0x101988) [0x55e669a5d988] 
2026-09-27 07:38:24.967	[RPC0]	INFO	stacktrace	src/common/stack_trace.cpp:172	    [3] monero-wallet-rpc(+0x3452cc) [0x55e669ca12cc] 
2026-09-27 07:38:24.967	[RPC0]	INFO	stacktrace	src/common/stack_trace.cpp:172	    [4] monero-wallet-rpc(+0x3ae66b) [0x55e669d0a66b] 
2026-09-27 07:38:24.967	[RPC0]	INFO	stacktrace	src/common/stack_trace.cpp:172	    [5] monero-wallet-rpc(+0x3af4ce) [0x55e669d0b4ce] 
2026-09-27 07:38:24.967	[RPC0]	INFO	stacktrace	src/common/stack_trace.cpp:172	    [6] monero-wallet-rpc(+0x3b0779) [0x55e669d0c779] 
2026-09-27 07:38:24.967	[RPC0]	INFO	stacktrace	src/common/stack_trace.cpp:172	    [7] monero-wallet-rpc(+0x62ef5b) [0x55e669f8af5b] 
2026-09-27 07:38:24.967	[RPC0]	INFO	stacktrace	src/common/stack_trace.cpp:172	    [8] monero-wallet-rpc(+0x62f1f2) [0x55e669f8b1f2] 
2026-09-27 07:38:24.967	[RPC0]	INFO	stacktrace	src/common/stack_trace.cpp:172	    [9] monero-wallet-rpc(+0x3f064e) [0x55e669d4c64e] 
2026-09-27 07:38:24.967	[RPC0]	INFO	stacktrace	src/common/stack_trace.cpp:172	    [10] monero-wallet-rpc(+0x19901d) [0x55e669af501d] 
2026-09-27 07:38:24.967	[RPC0]	INFO	stacktrace	src/common/stack_trace.cpp:172	    [11] monero-wallet-rpc(+0x1a1432) [0x55e669afd432] 
2026-09-27 07:38:24.967	[RPC0]	INFO	stacktrace	src/common/stack_trace.cpp:172	    [12] monero-wallet-rpc(+0x18d88f) [0x55e669ae988f] 
2026-09-27 07:38:24.967	[RPC0]	INFO	stacktrace	src/common/stack_trace.cpp:172	    [13] monero-wallet-rpc(+0x1ef579) [0x55e669b4b579] 
2026-09-27 07:38:24.967	[RPC0]	INFO	stacktrace	src/common/stack_trace.cpp:172	    [14] monero-wallet-rpc(+0x1979a1) [0x55e669af39a1] 
2026-09-27 07:38:24.968	[RPC0]	INFO	stacktrace	src/common/stack_trace.cpp:172	    [15] monero-wallet-rpc(+0x20f00a) [0x55e669b6b00a] 
2026-09-27 07:38:24.968	[RPC0]	INFO	stacktrace	src/common/stack_trace.cpp:172	    [16]  0x1699f) [0x7fe92607e99f]:_64-linux-gnu/libboost_thread.so.1.83.0(+0x1699f) [0x7fe92607e99f]
2026-09-27 07:38:24.968	[RPC0]	INFO	stacktrace	src/common/stack_trace.cpp:172	    [17]  0x9caa4) [0x7fe92509caa4]:_64-linux-gnu/libc.so.6(+0x9caa4) [0x7fe92509caa4]
2026-09-27 07:38:24.968	[RPC0]	INFO	stacktrace	src/common/stack_trace.cpp:172	    [18]  0x129c6c) [0x7fe925129c6c]:_64-linux-gnu/libc.so.6(+0x129c6c) [0x7fe925129c6c]
2026-09-27 07:38:24.968	[RPC0]	INFO	stacktrace	src/common/stack_trace.cpp:172	
2026-09-27 07:38:24.968	[RPC0]	INFO	stacktrace	src/common/stack_trace.cpp:133	Exception: boost::exception_detail::clone_impl<boost::system::system_error>
2026-09-27 07:38:24.968	[RPC0]	INFO	stacktrace	src/common/stack_trace.cpp:134	Unwound call stack:
2026-09-27 07:38:24.968	[RPC0]	INFO	stacktrace	src/common/stack_trace.cpp:172	    [1]  0xad) [0x55e669a8f775]:__cxa_throw+0xad) [0x55e669a8f775]
2026-09-27 07:38:24.968	[RPC0]	INFO	stacktrace	src/common/stack_trace.cpp:172	    [2] monero-wallet-rpc(+0x15fcb0) [0x55e669abbcb0] 
2026-09-27 07:38:24.968	[RPC0]	INFO	stacktrace	src/common/stack_trace.cpp:172	    [3] monero-wallet-rpc(+0x79349c) [0x55e66a0ef49c] 
2026-09-27 07:38:24.968	[RPC0]	INFO	stacktrace	src/common/stack_trace.cpp:172	    [4] monero-wallet-rpc(+0x794963) [0x55e66a0f0963] 
2026-09-27 07:38:24.968	[RPC0]	INFO	stacktrace	src/common/stack_trace.cpp:172	    [5] monero-wallet-rpc(+0x794fc1) [0x55e66a0f0fc1] 
2026-09-27 07:38:24.968	[RPC0]	INFO	stacktrace	src/common/stack_trace.cpp:172	    [6] monero-wallet-rpc(+0x77a80f) [0x55e66a0d680f] 
2026-09-27 07:38:24.968	[RPC0]	INFO	stacktrace	src/common/stack_trace.cpp:172	    [7] monero-wallet-rpc(+0x77b3f4) [0x55e66a0d73f4] 
2026-09-27 07:38:24.968	[RPC0]	INFO	stacktrace	src/common/stack_trace.cpp:172	    [8] monero-wallet-rpc(+0x77b916) [0x55e66a0d7916] 
2026-09-27 07:38:24.968	[RPC0]	INFO	stacktrace	src/common/stack_trace.cpp:172	    [9] monero-wallet-rpc(+0x78e31a) [0x55e66a0ea31a] 
2026-09-27 07:38:24.968	[RPC0]	INFO	stacktrace	src/common/stack_trace.cpp:172	    [10] monero-wallet-rpc(+0x4c5161) [0x55e669e21161] 
2026-09-27 07:38:24.968	[RPC0]	INFO	stacktrace	src/common/stack_trace.cpp:172	    [11] monero-wallet-rpc(+0x3ae622) [0x55e669d0a622] 
2026-09-27 07:38:24.968	[RPC0]	INFO	stacktrace	src/common/stack_trace.cpp:172	    [12] monero-wallet-rpc(+0x3af4ce) [0x55e669d0b4ce] 
2026-09-27 07:38:24.968	[RPC0]	INFO	stacktrace	src/common/stack_trace.cpp:172	    [13] monero-wallet-rpc(+0x3b0779) [0x55e669d0c779] 
2026-09-27 07:38:24.968	[RPC0]	INFO	stacktrace	src/common/stack_trace.cpp:172	    [14] monero-wallet-rpc(+0x62ef5b) [0x55e669f8af5b] 
2026-09-27 07:38:24.968	[RPC0]	INFO	stacktrace	src/common/stack_trace.cpp:172	    [15] monero-wallet-rpc(+0x62f1f2) [0x55e669f8b1f2] 
2026-09-27 07:38:24.968	[RPC0]	INFO	stacktrace	src/common/stack_trace.cpp:172	    [16] monero-wallet-rpc(+0x3f064e) [0x55e669d4c64e] 
2026-09-27 07:38:24.968	[RPC0]	INFO	stacktrace	src/common/stack_trace.cpp:172	    [17] monero-wallet-rpc(+0x19901d) [0x55e669af501d] 
2026-09-27 07:38:24.968	[RPC0]	INFO	stacktrace	src/common/stack_trace.cpp:172	    [18] monero-wallet-rpc(+0x1a1432) [0x55e669afd432] 
2026-09-27 07:38:24.968	[RPC0]	INFO	stacktrace	src/common/stack_trace.cpp:172	    [19] monero-wallet-rpc(+0x18d88f) [0x55e669ae988f] 
2026-09-27 07:38:24.968	[RPC0]	INFO	stacktrace	src/common/stack_trace.cpp:172	    [20] monero-wallet-rpc(+0x1ef579) [0x55e669b4b579] 
2026-09-27 07:38:24.968	[RPC0]	INFO	stacktrace	src/common/stack_trace.cpp:172	    [21] monero-wallet-rpc(+0x1979a1) [0x55e669af39a1] 
2026-09-27 07:38:24.968	[RPC0]	INFO	stacktrace	src/common/stack_trace.cpp:172	    [22] monero-wallet-rpc(+0x20f00a) [0x55e669b6b00a] 
2026-09-27 07:38:24.968	[RPC0]	INFO	stacktrace	src/common/stack_trace.cpp:172	    [23]  0x1699f) [0x7fe92607e99f]:_64-linux-gnu/libboost_thread.so.1.83.0(+0x1699f) [0x7fe92607e99f]
2026-09-27 07:38:24.968	[RPC0]	INFO	stacktrace	src/common/stack_trace.cpp:172	    [24]  0x9caa4) [0x7fe92509caa4]:_64-linux-gnu/libc.so.6(+0x9caa4) [0x7fe92509caa4]
2026-09-27 07:38:24.968	[RPC0]	INFO	stacktrace	src/common/stack_trace.cpp:172	    [25]  0x129c6c) [0x7fe925129c6c]:_64-linux-gnu/libc.so.6(+0x129c6c) [0x7fe925129c6c]
2026-09-27 07:38:24.968	[RPC0]	INFO	stacktrace	src/common/stack_trace.cpp:172	
2026-09-27 07:38:24.968	[RPC0]	ERROR	wallet.wallet2	src/wallet/wallet2.cpp:14967	!r. THROW EXCEPTION: tools::error::no_connection_to_daemon
2026-09-27 07:38:24.968	[RPC0]	INFO	stacktrace	src/common/stack_trace.cpp:133	Exception: tools::error::no_connection_to_daemon
2026-09-27 07:38:24.968	[RPC0]	INFO	stacktrace	src/common/stack_trace.cpp:134	Unwound call stack:
2026-09-27 07:38:24.968	[RPC0]	INFO	stacktrace	src/common/stack_trace.cpp:172	    [1]  0xad) [0x55e669a8f775]:__cxa_throw+0xad) [0x55e669a8f775]
2026-09-27 07:38:24.968	[RPC0]	INFO	stacktrace	src/common/stack_trace.cpp:172	    [2] monero-wallet-rpc(+0x101988) [0x55e669a5d988] 
2026-09-27 07:38:24.968	[RPC0]	INFO	stacktrace	src/common/stack_trace.cpp:172	    [3] monero-wallet-rpc(+0x3452cc) [0x55e669ca12cc] 
2026-09-27 07:38:24.968	[RPC0]	INFO	stacktrace	src/common/stack_trace.cpp:172	    [4] monero-wallet-rpc(+0x3ae66b) [0x55e669d0a66b] 
2026-09-27 07:38:24.968	[RPC0]	INFO	stacktrace	src/common/stack_trace.cpp:172	    [5] monero-wallet-rpc(+0x3af4ce) [0x55e669d0b4ce] 
2026-09-27 07:38:24.968	[RPC0]	INFO	stacktrace	src/common/stack_trace.cpp:172	    [6] monero-wallet-rpc(+0x3b0779) [0x55e669d0c779] 
2026-09-27 07:38:24.968	[RPC0]	INFO	stacktrace	src/common/stack_trace.cpp:172	    [7] monero-wallet-rpc(+0x62ef5b) [0x55e669f8af5b] 
2026-09-27 07:38:24.968	[RPC0]	INFO	stacktrace	src/common/stack_trace.cpp:172	    [8] monero-wallet-rpc(+0x62f1f2) [0x55e669f8b1f2] 
2026-09-27 07:38:24.968	[RPC0]	INFO	stacktrace	src/common/stack_trace.cpp:172	    [9] monero-wallet-rpc(+0x3f064e) [0x55e669d4c64e] 
2026-09-27 07:38:24.968	[RPC0]	INFO	stacktrace	src/common/stack_trace.cpp:172	    [10] monero-wallet-rpc(+0x19901d) [0x55e669af501d] 
2026-09-27 07:38:24.968	[RPC0]	INFO	stacktrace	src/common/stack_trace.cpp:172	    [11] monero-wallet-rpc(+0x1a1432) [0x55e669afd432] 
2026-09-27 07:38:24.968	[RPC0]	INFO	stacktrace	src/common/stack_trace.cpp:172	    [12] monero-wallet-rpc(+0x18d88f) [0x55e669ae988f] 
2026-09-27 07:38:24.968	[RPC0]	INFO	stacktrace	src/common/stack_trace.cpp:172	    [13] monero-wallet-rpc(+0x1ef579) [0x55e669b4b579] 
2026-09-27 07:38:24.968	[RPC0]	INFO	stacktrace	src/common/stack_trace.cpp:172	    [14] monero-wallet-rpc(+0x1979a1) [0x55e669af39a1] 
2026-09-27 07:38:24.968	[RPC0]	INFO	stacktrace	src/common/stack_trace.cpp:172	    [15] monero-wallet-rpc(+0x20f00a) [0x55e669b6b00a] 
2026-09-27 07:38:24.968	[RPC0]	INFO	stacktrace	src/common/stack_trace.cpp:172	    [16]  0x1699f) [0x7fe92607e99f]:_64-linux-gnu/libboost_thread.so.1.83.0(+0x1699f) [0x7fe92607e99f]
2026-09-27 07:38:24.968	[RPC0]	INFO	stacktrace	src/common/stack_trace.cpp:172	    [17]  0x9caa4) [0x7fe92509caa4]:_64-linux-gnu/libc.so.6(+0x9caa4) [0x7fe92509caa4]
2026-09-27 07:38:24.968	[RPC0]	INFO	stacktrace	src/common/stack_trace.cpp:172	    [18]  0x129c6c) [0x7fe925129c6c]:_64-linux-gnu/libc.so.6(+0x129c6c) [0x7fe925129c6c]
2026-09-27 07:38:24.968	[RPC0]	INFO	stacktrace	src/common/stack_trace.cpp:172	
2026-09-27 07:38:24.969	[RPC0]	INFO	stacktrace	src/common/stack_trace.cpp:133	Exception: boost::exception_detail::clone_impl<boost::system::system_error>
2026-09-27 07:38:24.969	[RPC0]	INFO	stacktrace	src/common/stack_trace.cpp:134	Unwound call stack:
2026-09-27 07:38:24.969	[RPC0]	INFO	stacktrace	src/common/stack_trace.cpp:172	    [1]  0xad) [0x55e669a8f775]:__cxa_throw+0xad) [0x55e669a8f775]
2026-09-27 07:38:24.969	[RPC0]	INFO	stacktrace	src/common/stack_trace.cpp:172	    [2] monero-wallet-rpc(+0x15fcb0) [0x55e669abbcb0] 
2026-09-27 07:38:24.969	[RPC0]	INFO	stacktrace	src/common/stack_trace.cpp:172	    [3] monero-wallet-rpc(+0x79349c) [0x55e66a0ef49c] 
2026-09-27 07:38:24.969	[RPC0]	INFO	stacktrace	src/common/stack_trace.cpp:172	    [4] monero-wallet-rpc(+0x794963) [0x55e66a0f0963] 
2026-09-27 07:38:24.969	[RPC0]	INFO	stacktrace	src/common/stack_trace.cpp:172	    [5] monero-wallet-rpc(+0x794fc1) [0x55e66a0f0fc1] 
2026-09-27 07:38:24.969	[RPC0]	INFO	stacktrace	src/common/stack_trace.cpp:172	    [6] monero-wallet-rpc(+0x77a80f) [0x55e66a0d680f] 
2026-09-27 07:38:24.969	[RPC0]	INFO	stacktrace	src/common/stack_trace.cpp:172	    [7] monero-wallet-rpc(+0x77b3f4) [0x55e66a0d73f4] 
2026-09-27 07:38:24.969	[RPC0]	INFO	stacktrace	src/common/stack_trace.cpp:172	    [8] monero-wallet-rpc(+0x77b916) [0x55e66a0d7916] 
2026-09-27 07:38:24.969	[RPC0]	INFO	stacktrace	src/common/stack_trace.cpp:172	    [9] monero-wallet-rpc(+0x78e31a) [0x55e66a0ea31a] 
2026-09-27 07:38:24.969	[RPC0]	INFO	stacktrace	src/common/stack_trace.cpp:172	    [10] monero-wallet-rpc(+0x4c5161) [0x55e669e21161] 
2026-09-27 07:38:24.969	[RPC0]	INFO	stacktrace	src/common/stack_trace.cpp:172	    [11] monero-wallet-rpc(+0x3ae622) [0x55e669d0a622] 
2026-09-27 07:38:24.969	[RPC0]	INFO	stacktrace	src/common/stack_trace.cpp:172	    [12] monero-wallet-rpc(+0x3af4ce) [0x55e669d0b4ce] 
2026-09-27 07:38:24.969	[RPC0]	INFO	stacktrace	src/common/stack_trace.cpp:172	    [13] monero-wallet-rpc(+0x3b0779) [0x55e669d0c779] 
2026-09-27 07:38:24.969	[RPC0]	INFO	stacktrace	src/common/stack_trace.cpp:172	    [14] monero-wallet-rpc(+0x62ef5b) [0x55e669f8af5b] 
2026-09-27 07:38:24.969	[RPC0]	INFO	stacktrace	src/common/stack_trace.cpp:172	    [15] monero-wallet-rpc(+0x62f1f2) [0x55e669f8b1f2] 
2026-09-27 07:38:24.969	[RPC0]	INFO	stacktrace	src/common/stack_trace.cpp:172	    [16] monero-wallet-rpc(+0x3f064e) [0x55e669d4c64e] 
2026-09-27 07:38:24.969	[RPC0]	INFO	stacktrace	src/common/stack_trace.cpp:172	    [17] monero-wallet-rpc(+0x19901d) [0x55e669af501d] 
2026-09-27 07:38:24.969	[RPC0]	INFO	stacktrace	src/common/stack_trace.cpp:172	    [18] monero-wallet-rpc(+0x1a1432) [0x55e669afd432] 
2026-09-27 07:38:24.969	[RPC0]	INFO	stacktrace	src/common/stack_trace.cpp:172	    [19] monero-wallet-rpc(+0x18d88f) [0x55e669ae988f] 
2026-09-27 07:38:24.969	[RPC0]	INFO	stacktrace	src/common/stack_trace.cpp:172	    [20] monero-wallet-rpc(+0x1ef579) [0x55e669b4b579] 
2026-09-27 07:38:24.969	[RPC0]	INFO	stacktrace	src/common/stack_trace.cpp:172	    [21] monero-wallet-rpc(+0x1979a1) [0x55e669af39a1] 
2026-09-27 07:38:24.969	[RPC0]	INFO	stacktrace	src/common/stack_trace.cpp:172	    [22] monero-wallet-rpc(+0x20f00a) [0x55e669b6b00a] 
2026-09-27 07:38:24.969	[RPC0]	INFO	stacktrace	src/common/stack_trace.cpp:172	    [23]  0x1699f) [0x7fe92607e99f]:_64-linux-gnu/libboost_thread.so.1.83.0(+0x1699f) [0x7fe92607e99f]
2026-09-27 07:38:24.969	[RPC0]	INFO	stacktrace	src/common/stack_trace.cpp:172	    [24]  0x9caa4) [0x7fe92509caa4]:_64-linux-gnu/libc.so.6(+0x9caa4) [0x7fe92509caa4]
2026-09-27 07:38:24.969	[RPC0]	INFO	stacktrace	src/common/stack_trace.cpp:172	    [25]  0x129c6c) [0x7fe925129c6c]:_64-linux-gnu/libc.so.6(+0x129c6c) [0x7fe925129c6c]
2026-09-27 07:38:24.969	[RPC0]	INFO	stacktrace	src/common/stack_trace.cpp:172	
2026-09-27 07:38:24.969	[RPC0]	ERROR	wallet.wallet2	src/wallet/wallet2.cpp:14967	!r. THROW EXCEPTION: tools::error::no_connection_to_daemon
2026-09-27 07:38:24.969	[RPC0]	INFO	stacktrace	src/common/stack_trace.cpp:133	Exception: tools::error::no_connection_to_daemon
2026-09-27 07:38:24.969	[RPC0]	INFO	stacktrace	src/common/stack_trace.cpp:134	Unwound call stack:
2026-09-27 07:38:24.969	[RPC0]	INFO	stacktrace	src/common/stack_trace.cpp:172	    [1]  0xad) [0x55e669a8f775]:__cxa_throw+0xad) [0x55e669a8f775]
2026-09-27 07:38:24.969	[RPC0]	INFO	stacktrace	src/common/stack_trace.cpp:172	    [2] monero-wallet-rpc(+0x101988) [0x55e669a5d988] 
2026-09-27 07:38:24.969	[RPC0]	INFO	stacktrace	src/common/stack_trace.cpp:172	    [3] monero-wallet-rpc(+0x3452cc) [0x55e669ca12cc] 
2026-09-27 07:38:24.969	[RPC0]	INFO	stacktrace	src/common/stack_trace.cpp:172	    [4] monero-wallet-rpc(+0x3ae66b) [0x55e669d0a66b] 
2026-09-27 07:38:24.969	[RPC0]	INFO	stacktrace	src/common/stack_trace.cpp:172	    [5] monero-wallet-rpc(+0x3af4ce) [0x55e669d0b4ce] 
2026-09-27 07:38:24.969	[RPC0]	INFO	stacktrace	src/common/stack_trace.cpp:172	    [6] monero-wallet-rpc(+0x3b0779) [0x55e669d0c779] 
2026-09-27 07:38:24.969	[RPC0]	INFO	stacktrace	src/common/stack_trace.cpp:172	    [7] monero-wallet-rpc(+0x62ef5b) [0x55e669f8af5b] 
2026-09-27 07:38:24.969	[RPC0]	INFO	stacktrace	src/common/stack_trace.cpp:172	    [8] monero-wallet-rpc(+0x62f1f2) [0x55e669f8b1f2] 
2026-09-27 07:38:24.969	[RPC0]	INFO	stacktrace	src/common/stack_trace.cpp:172	    [9] monero-wallet-rpc(+0x3f064e) [0x55e669d4c64e] 
2026-09-27 07:38:24.969	[RPC0]	INFO	stacktrace	src/common/stack_trace.cpp:172	    [10] monero-wallet-rpc(+0x19901d) [0x55e669af501d] 
2026-09-27 07:38:24.969	[RPC0]	INFO	stacktrace	src/common/stack_trace.cpp:172	    [11] monero-wallet-rpc(+0x1a1432) [0x55e669afd432] 
2026-09-27 07:38:24.969	[RPC0]	INFO	stacktrace	src/common/stack_trace.cpp:172	    [12] monero-wallet-rpc(+0x18d88f) [0x55e669ae988f] 
2026-09-27 07:38:24.969	[RPC0]	INFO	stacktrace	src/common/stack_trace.cpp:172	    [13] monero-wallet-rpc(+0x1ef579) [0x55e669b4b579] 
2026-09-27 07:38:24.969	[RPC0]	INFO	stacktrace	src/common/stack_trace.cpp:172	    [14] monero-wallet-rpc(+0x1979a1) [0x55e669af39a1] 
2026-09-27 07:38:24.969	[RPC0]	INFO	stacktrace	src/common/stack_trace.cpp:172	    [15] monero-wallet-rpc(+0x20f00a) [0x55e669b6b00a] 
2026-09-27 07:38:24.969	[RPC0]	INFO	stacktrace	src/common/stack_trace.cpp:172	    [16]  0x1699f) [0x7fe92607e99f]:_64-linux-gnu/libboost_thread.so.1.83.0(+0x1699f) [0x7fe92607e99f]
2026-09-27 07:38:24.969	[RPC0]	INFO	stacktrace	src/common/stack_trace.cpp:172	    [17]  0x9caa4) [0x7fe92509caa4]:_64-linux-gnu/libc.so.6(+0x9caa4) [0x7fe92509caa4]
2026-09-27 07:38:24.969	[RPC0]	INFO	stacktrace	src/common/stack_trace.cpp:172	    [18]  0x129c6c) [0x7fe925129c6c]:_64-linux-gnu/libc.so.6(+0x129c6c) [0x7fe925129c6c]
2026-09-27 07:38:24.970	[RPC0]	INFO	stacktrace	src/common/stack_trace.cpp:172	
2026-09-27 07:38:24.970	[RPC0]	ERROR	wallet.wallet2	src/wallet/wallet2.cpp:4148	pull_blocks failed, try_count=3
2026-09-27 07:38:24.970	[RPC0]	ERROR	wallet.rpc	src/wallet/wallet_rpc_server.cpp:159	Exception at while refreshing, what=no connection to daemon
2026-09-27 07:38:32.146	[SRV_MAIN]	WARNING	wallet.rpc	src/wallet/wallet_rpc_server.cpp:4670	Stopped wallet RPC server
2026-09-27 07:38:32.146	[SRV_MAIN]	WARNING	wallet.rpc	src/wallet/wallet_rpc_server.cpp:4673	Saving wallet...
2026-09-27 07:38:32.151	[SRV_MAIN]	WARNING	wallet.rpc	src/wallet/wallet_rpc_server.cpp:4675	Successfully saved
2026-09-27 07:38:32.266	    7f344891be80	INFO	logging	contrib/epee/src/mlog.cpp:273	New log categories: *:WARNING,net:FATAL,net.http:FATAL,net.ssl:FATAL,net.p2p:FATAL,net.cn:FATAL,daemon.rpc:FATAL,global:INFO,verify:FATAL,serialization:FATAL,daemon.rpc.payment:ERROR,stacktrace:INFO,logging:INFO,msgwriter:INFO
2026-09-27 07:38:32.266	    7f344891be80	INFO	logging	contrib/epee/src/mlog.cpp:273	New log categories: *:WARNING,net:FATAL,net.http:FATAL,net.ssl:FATAL,net.p2p:FATAL,net.cn:FATAL,daemon.rpc:FATAL,global:INFO,verify:FATAL,serialization:FATAL,daemon.rpc.payment:ERROR,stacktrace:INFO,logging:INFO,msgwriter:INFO
2026-09-27 07:38:32.266	    7f344891be80	INFO	msgwriter	src/common/scoped_message_writer.h:102	This is the RPC monero wallet. It needs to connect to a monero
2026-09-27 07:38:32.266	    7f344891be80	INFO	msgwriter	src/common/scoped_message_writer.h:102	daemon to work correctly.
2026-09-27 07:38:32.266	    7f344891be80	INFO	msgwriter	src/common/scoped_message_writer.h:102	Monero 'Fluorine Fermi' (v0.18.3.1-unknown)
2026-09-27 07:38:32.266	    7f344891be80	INFO	msgwriter	src/common/scoped_message_writer.h:102	Logging to monero-wallet-rpc.log
2026-09-27 07:38:32.267	    7f344891be80	INFO	global	contrib/epee/include/net/http_server_impl_base.h:79	Binding on 127.0.0.1 (IPv4):18088
2026-09-27 07:38:33.771	    7f344891be80	WARNING	wallet.rpc	src/wallet/wallet_rpc_server.cpp:4660	Starting wallet RPC server
2026-09-27 07:38:39.174	[RPC0]	WARNING	wallet.wallet2	src/wallet/wallet2.cpp:6115	Loaded wallet keys file, with public address: 48c66EdeUBKHp3iWTzTvTWN3mJB44AjUAB5eLxZcioacKQkuRTjm31oAcv7tTemmzcftWQbAZ4GTpAuaQBqkTjVnJPoSKkw
2026-09-27 07:38:39.218	[RPC0]	INFO	stacktrace	src/common/stack_trace.cpp:133	Exception: boost::exception_detail::clone_impl<boost::system::system_error>
2026-09-27 07:38:39.218	[RPC0]	INFO	stacktrace	src/common/stack_trace.cpp:134	Unwound call stack:
2026-09-27 07:38:39.219	[RPC0]	INFO	stacktrace	src/common/stack_trace.cpp:172	    [1]  0xad) [0x558615297775]:__cxa_throw+0xad) [0x558615297775]
2026-09-27 07:38:39.219	[RPC0]	INFO	stacktrace	src/common/stack_trace.cpp:172	    [2] monero-wallet-rpc(+0x15fcb0) [0x5586152c3cb0] 
2026-09-27 07:38:39.219	[RPC0]	INFO	stacktrace	src/common/stack_trace.cpp:172	    [3] monero-wallet-rpc(+0x79349c) [0x5586158f749c] 
2026-09-27 07:38:39.219	[RPC0]	INFO	stacktrace	src/common/stack_trace.cpp:172	    [4] monero-wallet-rpc(+0x794963) [0x5586158f8963] 
2026-09-27 07:38:39.219	[RPC0]	INFO	stacktrace	src/common/stack_trace.cpp:172	    [5] monero-wallet-rpc(+0x794fc1) [0x5586158f8fc1] 
2026-09-27 07:38:39.219	[RPC0]	INFO	stacktrace	src/common/stack_trace.cpp:172	    [6] monero-wallet-rpc(+0x77a80f) [0x5586158de80f] 
2026-09-27 07:38:39.219	[RPC0]	INFO	stacktrace	src/common/stack_trace.cpp:172	    [7] monero-wallet-rpc(+0x77b3f4) [0x5586158df3f4] 
2026-09-27 07:38:39.219	[RPC0]	INFO	stacktrace	src/common/stack_trace.cpp:172	    [8] monero-wallet-rpc(+0x77b916) [0x5586158df916] 
2026-09-27 07:38:39.219	[RPC0]	INFO	stacktrace	src/common/stack_trace.cpp:172	    [9] monero-wallet-rpc(+0x78e31a) [0x5586158f231a] 
2026-09-27 07:38:39.219	[RPC0]	INFO	stacktrace	src/common/stack_trace.cpp:172	    [10] monero-wallet-rpc(+0x4c5161) [0x558615629161] 
2026-09-27 07:38:39.219	[RPC0]	INFO	stacktrace	src/common/stack_trace.cpp:172	    [11] monero-wallet-rpc(+0x3ae622) [0x558615512622] 
2026-09-27 07:38:39.219	[RPC0]	INFO	stacktrace	src/common/stack_trace.cpp:172	    [12] monero-wallet-rpc(+0x3af4ce) [0x5586155134ce] 
2026-09-27 07:38:39.219	[RPC0]	INFO	stacktrace	src/common/stack_trace.cpp:172	    [13] monero-wallet-rpc(+0x3b0779) [0x558615514779] 
2026-09-27 07:38:39.219	[RPC0]	INFO	stacktrace	src/common/stack_trace.cpp:172	    [14] monero-wallet-rpc(+0x62ef5b) [0x558615792f5b] 
2026-09-27 07:38:39.219	[RPC0]	INFO	stacktrace	src/common/stack_trace.cpp:172	    [15] monero-wallet-rpc(+0x62f1f2) [0x5586157931f2] 
2026-09-27 07:38:39.219	[RPC0]	INFO	stacktrace	src/common/stack_trace.cpp:172	    [16] monero-wallet-rpc(+0x3f064e) [0x55861555464e] 
2026-09-27 07:38:39.219	[RPC0]	INFO	stacktrace	src/common/stack_trace.cpp:172	    [17] monero-wallet-rpc(+0x19901d) [0x5586152fd01d] 
2026-09-27 07:38:39.219	[RPC0]	INFO	stacktrace	src/common/stack_trace.cpp:172	    [18] monero-wallet-rpc(+0x1a1432) [0x558615305432] 
2026-09-27 07:38:39.219	[RPC0]	INFO	stacktrace	src/common/stack_trace.cpp:172	    [19] monero-wallet-rpc(+0x18d88f) [0x5586152f188f] 
2026-09-27 07:38:39.219	[RPC0]	INFO	stacktrace	src/common/stack_trace.cpp:172	    [20] monero-wallet-rpc(+0x1ef579) [0x558615353579] 
2026-09-27 07:38:39.219	[RPC0]	INFO	stacktrace	src/common/stack_trace.cpp:172	    [21] monero-wallet-rpc(+0x1979a1) [0x5586152fb9a1] 
2026-09-27 07:38:39.219	[RPC0]	INFO	stacktrace	src/common/stack_trace.cpp:172	    [22] monero-wallet-rpc(+0x20f00a) [0x55861537300a] 
2026-09-27 07:38:39.219	[RPC0]	INFO	stacktrace	src/common/stack_trace.cpp:172	    [23]  0x1699f) [0x7f3448d4599f]:_64-linux-gnu/libboost_thread.so.1.83.0(+0x1699f) [0x7f3448d4599f]
2026-09-27 07:38:39.219	[RPC0]	INFO	stacktrace	src/common/stack_trace.cpp:172	    [24]  0x9caa4) [0x7f3447c9caa4]:_64-linux-gnu/libc.so.6(+0x9caa4) [0x7f3447c9caa4]
2026-09-27 07:38:39.219	[RPC0]	INFO	stacktrace	src/common/stack_trace.cpp:172	    [25]  0x129c6c) [0x7f3447d29c6c]:_64-linux-gnu/libc.so.6(+0x129c6c) [0x7f3447d29c6c]
2026-09-27 07:38:39.219	[RPC0]	INFO	stacktrace	src/common/stack_trace.cpp:172	
2026-09-27 07:38:39.219	[RPC0]	ERROR	wallet.wallet2	src/wallet/wallet2.cpp:14967	!r. THROW EXCEPTION: tools::error::no_connection_to_daemon
2026-09-27 07:38:39.219	[RPC0]	INFO	stacktrace	src/common/stack_trace.cpp:133	Exception: tools::error::no_connection_to_daemon
2026-09-27 07:38:39.219	[RPC0]	INFO	stacktrace	src/common/stack_trace.cpp:134	Unwound call stack:
2026-09-27 07:38:39.219	[RPC0]	INFO	stacktrace	src/common/stack_trace.cpp:172	    [1]  0xad) [0x558615297775]:__cxa_throw+0xad) [0x558615297775]
2026-09-27 07:38:39.219	[RPC0]	INFO	stacktrace	src/common/stack_trace.cpp:172	    [2] monero-wallet-rpc(+0x101988) [0x558615265988] 
2026-09-27 07:38:39.219	[RPC0]	INFO	stacktrace	src/common/stack_trace.cpp:172	    [3] monero-wallet-rpc(+0x3452cc) [0x5586154a92cc] 
2026-09-27 07:38:39.219	[RPC0]	INFO	stacktrace	src/common/stack_trace.cpp:172	    [4] monero-wallet-rpc(+0x3ae66b) [0x55861551266b] 
2026-09-27 07:38:39.219	[RPC0]	INFO	stacktrace	src/common/stack_trace.cpp:172	    [5] monero-wallet-rpc(+0x3af4ce) [0x5586155134ce] 
2026-09-27 07:38:39.219	[RPC0]	INFO	stacktrace	src/common/stack_trace.cpp:172	    [6] monero-wallet-rpc(+0x3b0779) [0x558615514779] 
2026-09-27 07:38:39.219	[RPC0]	INFO	stacktrace	src/common/stack_trace.cpp:172	    [7] monero-wallet-rpc(+0x62ef5b) [0x558615792f5b] 
2026-09-27 07:38:39.219	[RPC0]	INFO	stacktrace	src/common/stack_trace.cpp:172	    [8] monero-wallet-rpc(+0x62f1f2) [0x5586157931f2] 
2026-09-27 07:38:39.219	[RPC0]	INFO	stacktrace	src/common/stack_trace.cpp:172	    [9] monero-wallet-rpc(+0x3f064e) [0x55861555464e] 
2026-09-27 07:38:39.219	[RPC0]	INFO	stacktrace	src/common/stack_trace.cpp:172	    [10] monero-wallet-rpc(+0x19901d) [0x5586152fd01d] 
2026-09-27 07:38:39.219	[RPC0]	INFO	stacktrace	src/common/stack_trace.cpp:172	    [11] monero-wallet-rpc(+0x1a1432) [0x558615305432] 
2026-09-27 07:38:39.219	[RPC0]	INFO	stacktrace	src/common/stack_trace.cpp:172	    [12] monero-wallet-rpc(+0x18d88f) [0x5586152f188f] 
2026-09-27 07:38:39.219	[RPC0]	INFO	stacktrace	src/common/stack_trace.cpp:172	    [13] monero-wallet-rpc(+0x1ef579) [0x558615353579] 
2026-09-27 07:38:39.219	[RPC0]	INFO	stacktrace	src/common/stack_trace.cpp:172	    [14] monero-wallet-rpc(+0x1979a1) [0x5586152fb9a1] 
2026-09-27 07:38:39.219	[RPC0]	INFO	stacktrace	src/common/stack_trace.cpp:172	    [15] monero-wallet-rpc(+0x20f00a) [0x55861537300a] 
2026-09-27 07:38:39.219	[RPC0]	INFO	stacktrace	src/common/stack_trace.cpp:172	    [16]  0x1699f) [0x7f3448d4599f]:_64-linux-gnu/libboost_thread.so.1.83.0(+0x1699f) [0x7f3448d4599f]
2026-09-27 07:38:39.219	[RPC0]	INFO	stacktrace	src/common/stack_trace.cpp:172	    [17]  0x9caa4) [0x7f3447c9caa4]:_64-linux-gnu/libc.so.6(+0x9caa4) [0x7f3447c9caa4]
2026-09-27 07:38:39.219	[RPC0]	INFO	stacktrace	src/common/stack_trace.cpp:172	    [18]  0x129c6c) [0x7f3447d29c6c]:_64-linux-gnu/libc.so.6(+0x129c6c) [0x7f3447d29c6c]
2026-09-27 07:38:39.219	[RPC0]	INFO	stacktrace	src/common/stack_trace.cpp:172	
2026-09-27 07:38:39.219	[RPC0]	INFO	stacktrace	src/common/stack_trace.cpp:133	Exception: boost::exception_detail::clone_impl<boost::system::system_error>
2026-09-27 07:38:39.219	[RPC0]	INFO	stacktrace	src/common/stack_trace.cpp:134	Unwound call stack:
2026-09-27 07:38:39.219	[RPC0]	INFO	stacktrace	src/common/stack_trace.cpp:172	    [1]  0xad) [0x558615297775]:__cxa_throw+0xad) [0x558615297775]
2026-09-27 07:38:39.219	[RPC0]	INFO	stacktrace	src/common/stack_trace.cpp:172	    [2] monero-wallet-rpc(+0x15fcb0) [0x5586152c3cb0] 
2026-09-27 07:38:39.219	[RPC0]	INFO	stacktrace	src/common/stack_trace.cpp:172	    [3] monero-wallet-rpc(+0x79349c) [0x5586158f749c] 
2026-09-27 07:38:39.219	[RPC0]	INFO	stacktrace	src/common/stack_trace.cpp:172	    [4] monero-wallet-rpc(+0x794963) [0x5586158f8963] 
2026-09-27 07:38:39.219	[RPC0]	INFO	stacktrace	src/common/stack_trace.cpp:172	    [5] monero-wallet-rpc(+0x794fc1) [0x5586158f8fc1] 
2026-09-27 07:38:39.220	[RPC0]	INFO	stacktrace	src/common/stack_trace.cpp:172	    [6] monero-wallet-rpc(+0x77a80f) [0x5586158de80f] 
2026-09-27 07:38:39.220	[RPC0]	INFO	stacktrace	src/common/stack_trace.cpp:172	    [7] monero-wallet-rpc(+0x77b3f4) [0x5586158df3f4] 
2026-09-27 07:38:39.220	[RPC0]	INFO	stacktrace	src/common/stack_trace.cpp:172	    [8] monero-wallet-rpc(+0x77b916) [0x5586158df916] 
2026-09-27 07:38:39.220	[RPC0]	INFO	stacktrace	src/common/stack_trace.cpp:172	    [9] monero-wallet-rpc(+0x78e31a) [0x5586158f231a] 
2026-09-27 07:38:39.220	[RPC0]	INFO	stacktrace	src/common/stack_trace.cpp:172	    [10] monero-wallet-rpc(+0x4c5161) [0x558615629161] 
2026-09-27 07:38:39.220	[RPC0]	INFO	stacktrace	src/common/stack_trace.cpp:172	    [11] monero-wallet-rpc(+0x3ae622) [0x558615512622] 
2026-09-27 07:38:39.220	[RPC0]	INFO	stacktrace	src/common/stack_trace.cpp:172	    [12] monero-wallet-rpc(+0x3af4ce) [0x5586155134ce] 
2026-09-27 07:38:39.220	[RPC0]	INFO	stacktrace	src/common/stack_trace.cpp:172	    [13] monero-wallet-rpc(+0x3b0779) [0x558615514779] 
2026-09-27 07:38:39.220	[RPC0]	INFO	stacktrace	src/common/stack_trace.cpp:172	    [14] monero-wallet-rpc(+0x62ef5b) [0x558615792f5b] 
2026-09-27 07:38:39.220	[RPC0]	INFO	stacktrace	src/common/stack_trace.cpp:172	    [15] monero-wallet-rpc(+0x62f1f2) [0x5586157931f2] 
2026-09-27 07:38:39.220	[RPC0]	INFO	stacktrace	src/common/stack_trace.cpp:172	    [16] monero-wallet-rpc(+0x3f064e) [0x55861555464e] 
2026-09-27 07:38:39.220	[RPC0]	INFO	stacktrace	src/common/stack_trace.cpp:172	    [17] monero-wallet-rpc(+0x19901d) [0x5586152fd01d] 
2026-09-27 07:38:39.220	[RPC0]	INFO	stacktrace	src/common/stack_trace.cpp:172	    [18] monero-wallet-rpc(+0x1a1432) [0x558615305432] 
2026-09-27 07:38:39.220	[RPC0]	INFO	stacktrace	src/common/stack_trace.cpp:172	    [19] monero-wallet-rpc(+0x18d88f) [0x5586152f188f] 
2026-09-27 07:38:39.220	[RPC0]	INFO	stacktrace	src/common/stack_trace.cpp:172	    [20] monero-wallet-rpc(+0x1ef579) [0x558615353579] 
2026-09-27 07:38:39.220	[RPC0]	INFO	stacktrace	src/common/stack_trace.cpp:172	    [21] monero-wallet-rpc(+0x1979a1) [0x5586152fb9a1] 
2026-09-27 07:38:39.220	[RPC0]	INFO	stacktrace	src/common/stack_trace.cpp:172	    [22] monero-wallet-rpc(+0x20f00a) [0x55861537300a] 
2026-09-27 07:38:39.220	[RPC0]	INFO	stacktrace	src/common/stack_trace.cpp:172	    [23]  0x1699f) [0x7f3448d4599f]:_64-linux-gnu/libboost_thread.so.1.83.0(+0x1699f) [0x7f3448d4599f]
2026-09-27 07:38:39.220	[RPC0]	INFO	stacktrace	src/common/stack_trace.cpp:172	    [24]  0x9caa4) [0x7f3447c9caa4]:_64-linux-gnu/libc.so.6(+0x9caa4) [0x7f3447c9caa4]
2026-09-27 07:38:39.220	[RPC0]	INFO	stacktrace	src/common/stack_trace.cpp:172	    [25]  0x129c6c) [0x7f3447d29c6c]:_64-linux-gnu/libc.so.6(+0x129c6c) [0x7f3447d29c6c]
2026-09-27 07:38:39.220	[RPC0]	INFO	stacktrace	src/common/stack_trace.cpp:172	
2026-09-27 07:38:39.220	[RPC0]	ERROR	wallet.wallet2	src/wallet/wallet2.cpp:14967	!r. THROW EXCEPTION: tools::error::no_connection_to_daemon
2026-09-27 07:38:39.220	[RPC0]	INFO	stacktrace	src/common/stack_trace.cpp:133	Exception: tools::error::no_connection_to_daemon
2026-09-27 07:38:39.220	[RPC0]	INFO	stacktrace	src/common/stack_trace.cpp:134	Unwound call stack:
2026-09-27 07:38:39.220	[RPC0]	INFO	stacktrace	src/common/stack_trace.cpp:172	    [1]  0xad) [0x558615297775]:__cxa_throw+0xad) [0x558615297775]
2026-09-27 07:38:39.220	[RPC0]	INFO	stacktrace	src/common/stack_trace.cpp:172	    [2] monero-wallet-rpc(+0x101988) [0x558615265988] 
2026-09-27 07:38:39.220	[RPC0]	INFO	stacktrace	src/common/stack_trace.cpp:172	    [3] monero-wallet-rpc(+0x3452cc) [0x5586154a92cc] 
2026-09-27 07:38:39.220	[RPC0]	INFO	stacktrace	src/common/stack_trace.cpp:172	    [4] monero-wallet-rpc(+0x3ae66b) [0x55861551266b] 
2026-09-27 07:38:39.220	[RPC0]	INFO	stacktrace	src/common/stack_trace.cpp:172	    [5] monero-wallet-rpc(+0x3af4ce) [0x5586155134ce] 
2026-09-27 07:38:39.220	[RPC0]	INFO	stacktrace	src/common/stack_trace.cpp:172	    [6] monero-wallet-rpc(+0x3b0779) [0x558615514779] 
2026-09-27 07:38:39.220	[RPC0]	INFO	stacktrace	src/common/stack_trace.cpp:172	    [7] monero-wallet-rpc(+0x62ef5b) [0x558615792f5b] 
2026-09-27 07:38:39.220	[RPC0]	INFO	stacktrace	src/common/stack_trace.cpp:172	    [8] monero-wallet-rpc(+0x62f1f2) [0x5586157931f2] 
2026-09-27 07:38:39.220	[RPC0]	INFO	stacktrace	src/common/stack_trace.cpp:172	    [9] monero-wallet-rpc(+0x3f064e) [0x55861555464e] 
2026-09-27 07:38:39.220	[RPC0]	INFO	stacktrace	src/common/stack_trace.cpp:172	    [10] monero-wallet-rpc(+0x19901d) [0x5586152fd01d] 
2026-09-27 07:38:39.220	[RPC0]	INFO	stacktrace	src/common/stack_trace.cpp:172	    [11] monero-wallet-rpc(+0x1a1432) [0x558615305432] 
2026-09-27 07:38:39.220	[RPC0]	INFO	stacktrace	src/common/stack_trace.cpp:172	    [12] monero-wallet-rpc(+0x18d88f) [0x5586152f188f] 
2026-09-27 07:38:39.220	[RPC0]	INFO	stacktrace	src/common/stack_trace.cpp:172	    [13] monero-wallet-rpc(+0x1ef579) [0x558615353579] 
2026-09-27 07:38:39.220	[RPC0]	INFO	stacktrace	src/common/stack_trace.cpp:172	    [14] monero-wallet-rpc(+0x1979a1) [0x5586152fb9a1] 
2026-09-27 07:38:39.220	[RPC0]	INFO	stacktrace	src/common/stack_trace.cpp:172	    [15] monero-wallet-rpc(+0x20f00a) [0x55861537300a] 
2026-09-27 07:38:39.220	[RPC0]	INFO	stacktrace	src/common/stack_trace.cpp:172	    [16]  0x1699f) [0x7f3448d4599f]:_64-linux-gnu/libboost_thread.so.1.83.0(+0x1699f) [0x7f3448d4599f]
2026-09-27 07:38:39.220	[RPC0]	INFO	stacktrace	src/common/stack_trace.cpp:172	    [17]  0x9caa4) [0x7f3447c9caa4]:_64-linux-gnu/libc.so.6(+0x9caa4) [0x7f3447c9caa4]
2026-09-27 07:38:39.220	[RPC0]	INFO	stacktrace	src/common/stack_trace.cpp:172	    [18]  0x129c6c) [0x7f3447d29c6c]:_64-linux-gnu/libc.so.6(+0x129c6c) [0x7f3447d29c6c]
2026-09-27 07:38:39.220	[RPC0]	INFO	stacktrace	src/common/stack_trace.cpp:172	
2026-09-27 07:38:39.220	[RPC0]	INFO	stacktrace	src/common/stack_trace.cpp:133	Exception: boost::exception_detail::clone_impl<boost::system::system_error>
2026-09-27 07:38:39.220	[RPC0]	INFO	stacktrace	src/common/stack_trace.cpp:134	Unwound call stack:
2026-09-27 07:38:39.220	[RPC0]	INFO	stacktrace	src/common/stack_trace.cpp:172	    [1]  0xad) [0x558615297775]:__cxa_throw+0xad) [0x558615297775]
2026-09-27 07:38:39.221	[RPC0]	INFO	stacktrace	src/common/stack_trace.cpp:172	    [2] monero-wallet-rpc(+0x15fcb0) [0x5586152c3cb0] 
2026-09-27 07:38:39.221	[RPC0]	INFO	stacktrace	src/common/stack_trace.cpp:172	    [3] monero-wallet-rpc(+0x79349c) [0x5586158f749c] 
2026-09-27 07:38:39.221	[RPC0]	INFO	stacktrace	src/common/stack_trace.cpp:172	    [4] monero-wallet-rpc(+0x794963) [0x5586158f8963] 
2026-09-27 07:38:39.221	[RPC0]	INFO	stacktrace	src/common/stack_trace.cpp:172	    [5] monero-wallet-rpc(+0x794fc1) [0x5586158f8fc1] 
2026-09-27 07:38:39.221	[RPC0]	INFO	stacktrace	src/common/stack_trace.cpp:172	    [6] monero-wallet-rpc(+0x77a80f) [0x5586158de80f] 
2026-09-27 07:38:39.221	[RPC0]	INFO	stacktrace	src/common/stack_trace.cpp:172	    [7] monero-wallet-rpc(+0x77b3f4) [0x5586158df3f4] 
2026-09-27 07:38:39.221	[RPC0]	INFO	stacktrace	src/common/stack_trace.cpp:172	    [8] monero-wallet-rpc(+0x77b916) [0x5586158df916] 
2026-09-27 07:38:39.221	[RPC0]	INFO	stacktrace	src/common/stack_trace.cpp:172	    [9] monero-wallet-rpc(+0x78e31a) [0x5586158f231a] 
2026-09-27 07:38:39.221	[RPC0]	INFO	stacktrace	src/common/stack_trace.cpp:172	    [10] monero-wallet-rpc(+0x4c5161) [0x558615629161] 
2026-09-27 07:38:39.221	[RPC0]	INFO	stacktrace	src/common/stack_trace.cpp:172	    [11] monero-wallet-rpc(+0x3ae622) [0x558615512622] 
2026-09-27 07:38:39.221	[RPC0]	INFO	stacktrace	src/common/stack_trace.cpp:172	    [12] monero-wallet-rpc(+0x3af4ce) [0x5586155134ce] 
2026-09-27 07:38:39.221	[RPC0]	INFO	stacktrace	src/common/stack_trace.cpp:172	    [13] monero-wallet-rpc(+0x3b0779) [0x558615514779] 
2026-09-27 07:38:39.221	[RPC0]	INFO	stacktrace	src/common/stack_trace.cpp:172	    [14] monero-wallet-rpc(+0x62ef5b) [0x558615792f5b] 
2026-09-27 07:38:39.221	[RPC0]	INFO	stacktrace	src/common/stack_trace.cpp:172	    [15] monero-wallet-rpc(+0x62f1f2) [0x5586157931f2] 
2026-09-27 07:38:39.221	[RPC0]	INFO	stacktrace	src/common/stack_trace.cpp:172	    [16] monero-wallet-rpc(+0x3f064e) [0x55861555464e] 
2026-09-27 07:38:39.221	[RPC0]	INFO	stacktrace	src/common/stack_trace.cpp:172	    [17] monero-wallet-rpc(+0x19901d) [0x5586152fd01d] 
2026-09-27 07:38:39.221	[RPC0]	INFO	stacktrace	src/common/stack_trace.cpp:172	    [18] monero-wallet-rpc(+0x1a1432) [0x558615305432] 
2026-09-27 07:38:39.221	[RPC0]	INFO	stacktrace	src/common/stack_trace.cpp:172	    [19] monero-wallet-rpc(+0x18d88f) [0x5586152f188f] 
2026-09-27 07:38:39.221	[RPC0]	INFO	stacktrace	src/common/stack_trace.cpp:172	    [20] monero-wallet-rpc(+0x1ef579) [0x558615353579] 
2026-09-27 07:38:39.221	[RPC0]	INFO	stacktrace	src/common/stack_trace.cpp:172	    [21] monero-wallet-rpc(+0x1979a1) [0x5586152fb9a1] 
2026-09-27 07:38:39.221	[RPC0]	INFO	stacktrace	src/common/stack_trace.cpp:172	    [22] monero-wallet-rpc(+0x20f00a) [0x55861537300a] 
2026-09-27 07:38:39.221	[RPC0]	INFO	stacktrace	src/common/stack_trace.cpp:172	    [23]  0x1699f) [0x7f3448d4599f]:_64-linux-gnu/libboost_thread.so.1.83.0(+0x1699f) [0x7f3448d4599f]
2026-09-27 07:38:39.221	[RPC0]	INFO	stacktrace	src/common/stack_trace.cpp:172	    [24]  0x9caa4) [0x7f3447c9caa4]:_64-linux-gnu/libc.so.6(+0x9caa4) [0x7f3447c9caa4]
2026-09-27 07:38:39.221	[RPC0]	INFO	stacktrace	src/common/stack_trace.cpp:172	    [25]  0x129c6c) [0x7f3447d29c6c]:_64-linux-gnu/libc.so.6(+0x129c6c) [0x7f3447d29c6c]
2026-09-27 07:38:39.221	[RPC0]	INFO	stacktrace	src/common/stack_trace.cpp:172	
2026-09-27 07:38:39.221	[RPC0]	ERROR	wallet.wallet2	src/wallet/wallet2.cpp:14967	!r. THROW EXCEPTION: tools::error::no_connection_to_daemon
2026-09-27 07:38:39.221	[RPC0]	INFO	stacktrace	src/common/stack_trace.cpp:133	Exception: tools::error::no_connection_to_daemon
2026-09-27 07:38:39.221	[RPC0]	INFO	stacktrace	src/common/stack_trace.cpp:134	Unwound call stack:
2026-09-27 07:38:39.221	[RPC0]	INFO	stacktrace	src/common/stack_trace.cpp:172	    [1]  0xad) [0x558615297775]:__cxa_throw+0xad) [0x558615297775]
2026-09-27 07:38:39.221	[RPC0]	INFO	stacktrace	src/common/stack_trace.cpp:172	    [2] monero-wallet-rpc(+0x101988) [0x558615265988] 
2026-09-27 07:38:39.221	[RPC0]	INFO	stacktrace	src/common/stack_trace.cpp:172	    [3] monero-wallet-rpc(+0x3452cc) [0x5586154a92cc] 
2026-09-27 07:38:39.221	[RPC0]	INFO	stacktrace	src/common/stack_trace.cpp:172	    [4] monero-wallet-rpc(+0x3ae66b) [0x55861551266b] 
2026-09-27 07:38:39.221	[RPC0]	INFO	stacktrace	src/common/stack_trace.cpp:172	    [5] monero-wallet-rpc(+0x3af4ce) [0x5586155134ce] 
2026-09-27 07:38:39.221	[RPC0]	INFO	stacktrace	src/common/stack_trace.cpp:172	    [6] monero-wallet-rpc(+0x3b0779) [0x558615514779] 
2026-09-27 07:38:39.221	[RPC0]	INFO	stacktrace	src/common/stack_trace.cpp:172	    [7] monero-wallet-rpc(+0x62ef5b) [0x558615792f5b] 
2026-09-27 07:38:39.221	[RPC0]	INFO	stacktrace	src/common/stack_trace.cpp:172	    [8] monero-wallet-rpc(+0x62f1f2) [0x5586157931f2] 
2026-09-27 07:38:39.221	[RPC0]	INFO	stacktrace	src/common/stack_trace.cpp:172	    [9] monero-wallet-rpc(+0x3f064e) [0x55861555464e] 
2026-09-27 07:38:39.221	[RPC0]	INFO	stacktrace	src/common/stack_trace.cpp:172	    [10] monero-wallet-rpc(+0x19901d) [0x5586152fd01d] 
2026-09-27 07:38:39.221	[RPC0]	INFO	stacktrace	src/common/stack_trace.cpp:172	    [11] monero-wallet-rpc(+0x1a1432) [0x558615305432] 
2026-09-27 07:38:39.221	[RPC0]	INFO	stacktrace	src/common/stack_trace.cpp:172	    [12] monero-wallet-rpc(+0x18d88f) [0x5586152f188f] 
2026-09-27 07:38:39.221	[RPC0]	INFO	stacktrace	src/common/stack_trace.cpp:172	    [13] monero-wallet-rpc(+0x1ef579) [0x558615353579] 
2026-09-27 07:38:39.221	[RPC0]	INFO	stacktrace	src/common/stack_trace.cpp:172	    [14] monero-wallet-rpc(+0x1979a1) [0x5586152fb9a1] 
2026-09-27 07:38:39.221	[RPC0]	INFO	stacktrace	src/common/stack_trace.cpp:172	    [15] monero-wallet-rpc(+0x20f00a) [0x55861537300a] 
2026-09-27 07:38:39.221	[RPC0]	INFO	stacktrace	src/common/stack_trace.cpp:172	    [16]  0x1699f) [0x7f3448d4599f]:_64-linux-gnu/libboost_thread.so.1.83.0(+0x1699f) [0x7f3448d4599f]
2026-09-27 07:38:39.221	[RPC0]	INFO	stacktrace	src/common/stack_trace.cpp:172	    [17]  0x9caa4) [0x7f3447c9caa4]:_64-linux-gnu/libc.so.6(+0x9caa4) [0x7f3447c9caa4]
2026-09-27 07:38:39.221	[RPC0]	INFO	stacktrace	src/common/stack_trace.cpp:172	    [18]  0x129c6c) [0x7f3447d29c6c]:_64-linux-gnu/libc.so.6(+0x129c6c) [0x7f3447d29c6c]
2026-09-27 07:38:39.221	[RPC0]	INFO	stacktrace	src/common/stack_trace.cpp:172	
2026-09-27 07:38:39.221	[RPC0]	INFO	stacktrace	src/common/stack_trace.cpp:133	Exception: boost::exception_detail::clone_impl<boost::system::system_error>
2026-09-27 07:38:39.222	[RPC0]	INFO	stacktrace	src/common/stack_trace.cpp:134	Unwound call stack:
2026-09-27 07:38:39.222	[RPC0]	INFO	stacktrace	src/common/stack_trace.cpp:172	    [1]  0xad) [0x558615297775]:__cxa_throw+0xad) [0x558615297775]
2026-09-27 07:38:39.222	[RPC0]	INFO	stacktrace	src/common/stack_trace.cpp:172	    [2] monero-wallet-rpc(+0x15fcb0) [0x5586152c3cb0] 
2026-09-27 07:38:39.222	[RPC0]	INFO	stacktrace	src/common/stack_trace.cpp:172	    [3] monero-wallet-rpc(+0x79349c) [0x5586158f749c] 
2026-09-27 07:38:39.222	[RPC0]	INFO	stacktrace	src/common/stack_trace.cpp:172	    [4] monero-wallet-rpc(+0x794963) [0x5586158f8963] 
2026-09-27 07:38:39.222	[RPC0]	INFO	stacktrace	src/common/stack_trace.cpp:172	    [5] monero-wallet-rpc(+0x794fc1) [0x5586158f8fc1] 
2026-09-27 07:38:39.222	[RPC0]	INFO	stacktrace	src/common/stack_trace.cpp:172	    [6] monero-wallet-rpc(+0x77a80f) [0x5586158de80f] 
2026-09-27 07:38:39.222	[RPC0]	INFO	stacktrace	src/common/stack_trace.cpp:172	    [7] monero-wallet-rpc(+0x77b3f4) [0x5586158df3f4] 
2026-09-27 07:38:39.222	[RPC0]	INFO	stacktrace	src/common/stack_trace.cpp:172	    [8] monero-wallet-rpc(+0x77b916) [0x5586158df916] 
2026-09-27 07:38:39.222	[RPC0]	INFO	stacktrace	src/common/stack_trace.cpp:172	    [9] monero-wallet-rpc(+0x78e31a) [0x5586158f231a] 
2026-09-27 07:38:39.222	[RPC0]	INFO	stacktrace	src/common/stack_trace.cpp:172	    [10] monero-wallet-rpc(+0x4c5161) [0x558615629161] 
2026-09-27 07:38:39.222	[RPC0]	INFO	stacktrace	src/common/stack_trace.cpp:172	    [11] monero-wallet-rpc(+0x3ae622) [0x558615512622] 
2026-09-27 07:38:39.222	[RPC0]	INFO	stacktrace	src/common/stack_trace.cpp:172	    [12] monero-wallet-rpc(+0x3af4ce) [0x5586155134ce] 
2026-09-27 07:38:39.222	[RPC0]	INFO	stacktrace	src/common/stack_trace.cpp:172	    [13] monero-wallet-rpc(+0x3b0779) [0x558615514779] 
2026-09-27 07:38:39.222	[RPC0]	INFO	stacktrace	src/common/stack_trace.cpp:172	    [14] monero-wallet-rpc(+0x62ef5b) [0x558615792f5b] 
2026-09-27 07:38:39.222	[RPC0]	INFO	stacktrace	src/common/stack_trace.cpp:172	    [15] monero-wallet-rpc(+0x62f1f2) [0x5586157931f2] 
2026-09-27 07:38:39.222	[RPC0]	INFO	stacktrace	src/common/stack_trace.cpp:172	    [16] monero-wallet-rpc(+0x3f064e) [0x55861555464e] 
2026-09-27 07:38:39.222	[RPC0]	INFO	stacktrace	src/common/stack_trace.cpp:172	    [17] monero-wallet-rpc(+0x19901d) [0x5586152fd01d] 
2026-09-27 07:38:39.222	[RPC0]	INFO	stacktrace	src/common/stack_trace.cpp:172	    [18] monero-wallet-rpc(+0x1a1432) [0x558615305432] 
2026-09-27 07:38:39.222	[RPC0]	INFO	stacktrace	src/common/stack_trace.cpp:172	    [19] monero-wallet-rpc(+0x18d88f) [0x5586152f188f] 
2026-09-27 07:38:39.222	[RPC0]	INFO	stacktrace	src/common/stack_trace.cpp:172	    [20] monero-wallet-rpc(+0x1ef579) [0x558615353579] 
2026-09-27 07:38:39.222	[RPC0]	INFO	stacktrace	src/common/stack_trace.cpp:172	    [21] monero-wallet-rpc(+0x1979a1) [0x5586152fb9a1] 
2026-09-27 07:38:39.222	[RPC0]	INFO	stacktrace	src/common/stack_trace.cpp:172	    [22] monero-wallet-rpc(+0x20f00a) [0x55861537300a] 
2026-09-27 07:38:39.222	[RPC0]	INFO	stacktrace	src/common/stack_trace.cpp:172	    [23]  0x1699f) [0x7f3448d4599f]:_64-linux-gnu/libboost_thread.so.1.83.0(+0x1699f) [0x7f3448d4599f]
2026-09-27 07:38:39.222	[RPC0]	INFO	stacktrace	src/common/stack_trace.cpp:172	    [24]  0x9caa4) [0x7f3447c9caa4]:_64-linux-gnu/libc.so.6(+0x9caa4) [0x7f3447c9caa4]
2026-09-27 07:38:39.222	[RPC0]	INFO	stacktrace	src/common/stack_trace.cpp:172	    [25]  0x129c6c) [0x7f3447d29c6c]:_64-linux-gnu/libc.so.6(+0x129c6c) [0x7f3447d29c6c]
2026-09-27 07:38:39.222	[RPC0]	INFO	stacktrace	src/common/stack_trace.cpp:172	
2026-09-27 07:38:39.222	[RPC0]	ERROR	wallet.wallet2	src/wallet/wallet2.cpp:14967	!r. THROW EXCEPTION: tools::error::no_connection_to_daemon
2026-09-27 07:38:39.222	[RPC0]	INFO	stacktrace	src/common/stack_trace.cpp:133	Exception: tools::error::no_connection_to_daemon
2026-09-27 07:38:39.222	[RPC0]	INFO	stacktrace	src/common/stack_trace.cpp:134	Unwound call stack:
2026-09-27 07:38:39.222	[RPC0]	INFO	stacktrace	src/common/stack_trace.cpp:172	    [1]  0xad) [0x558615297775]:__cxa_throw+0xad) [0x558615297775]
2026-09-27 07:38:39.222	[RPC0]	INFO	stacktrace	src/common/stack_trace.cpp:172	    [2] monero-wallet-rpc(+0x101988) [0x558615265988] 
2026-09-27 07:38:39.222	[RPC0]	INFO	stacktrace	src/common/stack_trace.cpp:172	    [3] monero-wallet-rpc(+0x3452cc) [0x5586154a92cc] 
2026-09-27 07:38:39.222	[RPC0]	INFO	stacktrace	src/common/stack_trace.cpp:172	    [4] monero-wallet-rpc(+0x3ae66b) [0x55861551266b] 
2026-09-27 07:38:39.222	[RPC0]	INFO	stacktrace	src/common/stack_trace.cpp:172	    [5] monero-wallet-rpc(+0x3af4ce) [0x5586155134ce] 
2026-09-27 07:38:39.222	[RPC0]	INFO	stacktrace	src/common/stack_trace.cpp:172	    [6] monero-wallet-rpc(+0x3b0779) [0x558615514779] 
2026-09-27 07:38:39.222	[RPC0]	INFO	stacktrace	src/common/stack_trace.cpp:172	    [7] monero-wallet-rpc(+0x62ef5b) [0x558615792f5b] 
2026-09-27 07:38:39.222	[RPC0]	INFO	stacktrace	src/common/stack_trace.cpp:172	    [8] monero-wallet-rpc(+0x62f1f2) [0x5586157931f2] 
2026-09-27 07:38:39.222	[RPC0]	INFO	stacktrace	src/common/stack_trace.cpp:172	    [9] monero-wallet-rpc(+0x3f064e) [0x55861555464e] 
2026-09-27 07:38:39.222	[RPC0]	INFO	stacktrace	src/common/stack_trace.cpp:172	    [10] monero-wallet-rpc(+0x19901d) [0x5586152fd01d] 
2026-09-27 07:38:39.222	[RPC0]	INFO	stacktrace	src/common/stack_trace.cpp:172	    [11] monero-wallet-rpc(+0x1a1432) [0x558615305432] 
2026-09-27 07:38:39.222	[RPC0]	INFO	stacktrace	src/common/stack_trace.cpp:172	    [12] monero-wallet-rpc(+0x18d88f) [0x5586152f188f] 
2026-09-27 07:38:39.222	[RPC0]	INFO	stacktrace	src/common/stack_trace.cpp:172	    [13] monero-wallet-rpc(+0x1ef579) [0x558615353579] 
2026-09-27 07:38:39.222	[RPC0]	INFO	stacktrace	src/common/stack_trace.cpp:172	    [14] monero-wallet-rpc(+0x1979a1) [0x5586152fb9a1] 
2026-09-27 07:38:39.222	[RPC0]	INFO	stacktrace	src/common/stack_trace.cpp:172	    [15] monero-wallet-rpc(+0x20f00a) [0x55861537300a] 
2026-09-27 07:38:39.222	[RPC0]	INFO	stacktrace	src/common/stack_trace.cpp:172	    [16]  0x1699f) [0x7f3448d4599f]:_64-linux-gnu/libboost_thread.so.1.83.0(+0x1699f) [0x7f3448d4599f]
2026-09-27 07:38:39.222	[RPC0]	INFO	stacktrace	src/common/stack_trace.cpp:172	    [17]  0x9caa4) [0x7f3447c9caa4]:_64-linux-gnu/libc.so.6(+0x9caa4) [0x7f3447c9caa4]
2026-09-27 07:38:39.222	[RPC0]	INFO	stacktrace	src/common/stack_trace.cpp:172	    [18]  0x129c6c) [0x7f3447d29c6c]:_64-linux-gnu/libc.so.6(+0x129c6c) [0x7f3447d29c6c]
2026-09-27 07:38:39.222	[RPC0]	INFO	stacktrace	src/common/stack_trace.cpp:172	
2026-09-27 07:38:39.222	[RPC0]	ERROR	wallet.wallet2	src/wallet/wallet2.cpp:4148	pull_blocks failed, try_count=3
2026-09-27 07:38:39.222	[RPC0]	ERROR	wallet.rpc	src/wallet/wallet_rpc_server.cpp:159	Exception at while refreshing, what=no connection to daemon
2026-09-27 07:38:52.228	[RPC0]	WARNING	wallet.wallet2	src/wallet/wallet2.cpp:8158	Requested ring size 1 too low, using 16
2026-09-27 07:38:52.238	[RPC0]	ERROR	wallet.wallet2	src/wallet/wallet2.cpp:10622	needed_money + min_fee > balance_subtotal. THROW EXCEPTION: error::not_enough_money
2026-09-27 07:38:52.238	[RPC0]	INFO	stacktrace	src/common/stack_trace.cpp:133	Exception: tools::error::not_enough_money
2026-09-27 07:38:52.238	[RPC0]	INFO	stacktrace	src/common/stack_trace.cpp:134	Unwound call stack:
2026-09-27 07:38:52.238	[RPC0]	INFO	stacktrace	src/common/stack_trace.cpp:172	    [1]  0xad) [0x558615297775]:__cxa_throw+0xad) [0x558615297775]
2026-09-27 07:38:52.238	[RPC0]	INFO	stacktrace	src/common/stack_trace.cpp:172	    [2] monero-wallet-rpc(+0x10160b) [0x55861526560b] 
2026-09-27 07:38:52.238	[RPC0]	INFO	stacktrace	src/common/stack_trace.cpp:172	    [3] monero-wallet-rpc(+0x400243) [0x558615564243] 
2026-09-27 07:38:52.238	[RPC0]	INFO	stacktrace	src/common/stack_trace.cpp:172	    [4] monero-wallet-rpc(+0x1b96ae) [0x55861531d6ae] 
2026-09-27 07:38:52.238	[RPC0]	INFO	stacktrace	src/common/stack_trace.cpp:172	    [5] monero-wallet-rpc(+0x2f873b) [0x55861545c73b] 
2026-09-27 07:38:52.238	[RPC0]	INFO	stacktrace	src/common/stack_trace.cpp:172	    [6] monero-wallet-rpc(+0x30e7d3) [0x5586154727d3] 
2026-09-27 07:38:52.238	[RPC0]	INFO	stacktrace	src/common/stack_trace.cpp:172	    [7] monero-wallet-rpc(+0x2050a5) [0x5586153690a5] 
2026-09-27 07:38:52.238	[RPC0]	INFO	stacktrace	src/common/stack_trace.cpp:172	    [8] monero-wallet-rpc(+0x2c2fac) [0x558615426fac] 
2026-09-27 07:38:52.238	[RPC0]	INFO	stacktrace	src/common/stack_trace.cpp:172	    [9] monero-wallet-rpc(+0x2c36c0) [0x5586154276c0] 
2026-09-27 07:38:52.238	[RPC0]	INFO	stacktrace	src/common/stack_trace.cpp:172	    [10] monero-wallet-rpc(+0x2d2f47) [0x558615436f47] 
2026-09-27 07:38:52.238	[RPC0]	INFO	stacktrace	src/common/stack_trace.cpp:172	    [11] monero-wallet-rpc(+0x2d3092) [0x558615437092] 
2026-09-27 07:38:52.238	[RPC0]	INFO	stacktrace	src/common/stack_trace.cpp:172	    [12] monero-wallet-rpc(+0x1eea25) [0x558615352a25] 
2026-09-27 07:38:52.238	[RPC0]	INFO	stacktrace	src/common/stack_trace.cpp:172	    [13] monero-wallet-rpc(+0x1ef579) [0x558615353579] 
2026-09-27 07:38:52.238	[RPC0]	INFO	stacktrace	src/common/stack_trace.cpp:172	    [14] monero-wallet-rpc(+0x1979a1) [0x5586152fb9a1] 
2026-09-27 07:38:52.238	[RPC0]	INFO	stacktrace	src/common/stack_trace.cpp:172	    [15] monero-wallet-rpc(+0x20f00a) [0x55861537300a] 
2026-09-27 07:38:52.238	[RPC0]	INFO	stacktrace	src/common/stack_trace.cpp:172	    [16]  0x1699f) [0x7f3448d4599f]:_64-linux-gnu/libboost_thread.so.1.83.0(+0x1699f) [0x7f3448d4599f]
2026-09-27 07:38:52.238	[RPC0]	INFO	stacktrace	src/common/stack_trace.cpp:172	    [17]  0x9caa4) [0x7f3447c9caa4]:_64-linux-gnu/libc.so.6(+0x9caa4) [0x7f3447c9caa4]
2026-09-27 07:38:52.238	[RPC0]	INFO	stacktrace	src/common/stack_trace.cpp:172	    [18]  0x129c6c) [0x7f3447d29c6c]:_64-linux-gnu/libc.so.6(+0x129c6c) [0x7f3447d29c6c]
2026-09-27 07:38:52.238	[RPC0]	INFO	stacktrace	src/common/stack_trace.cpp:172	
2026-09-27 07:39:20.143	[SRV_MAIN]	WARNING	wallet.rpc	src/wallet/wallet_rpc_server.cpp:4670	Stopped wallet RPC server
2026-09-27 07:39:20.143	[SRV_MAIN]	WARNING	wallet.rpc	src/wallet/wallet_rpc_server.cpp:4673	Saving wallet...
2026-09-27 07:39:20.148	[SRV_MAIN]	WARNING	wallet.rpc	src/wallet/wallet_rpc_server.cpp:4675	Successfully saved
2026-09-27 07:39:50.483	    7f2c13116e80	INFO	logging	contrib/epee/src/mlog.cpp:273	New log categories: *:WARNING,net:FATAL,net.http:FATAL,net.ssl:FATAL,net.p2p:FATAL,net.cn:FATAL,daemon.rpc:FATAL,global:INFO,verify:FATAL,serialization:FATAL,daemon.rpc.payment:ERROR,stacktrace:INFO,logging:INFO,msgwriter:INFO
2026-09-27 07:39:50.483	    7f2c13116e80	INFO	logging	contrib/epee/src/mlog.cpp:273	New log categories: *:WARNING,net:FATAL,net.http:FATAL,net.ssl:FATAL,net.p2p:FATAL,net.cn:FATAL,daemon.rpc:FATAL,global:INFO,verify:FATAL,serialization:FATAL,daemon.rpc.payment:ERROR,stacktrace:INFO,logging:INFO,msgwriter:INFO
2026-09-27 07:39:50.483	    7f2c13116e80	INFO	msgwriter	src/common/scoped_message_writer.h:102	This is the RPC monero wallet. It needs to connect to a monero
2026-09-27 07:39:50.483	    7f2c13116e80	INFO	msgwriter	src/common/scoped_message_writer.h:102	daemon to work correctly.
2026-09-27 07:39:50.483	    7f2c13116e80	INFO	msgwriter	src/common/scoped_message_writer.h:102	Monero 'Fluorine Fermi' (v0.18.3.1-unknown)
2026-09-27 07:39:50.483	    7f2c13116e80	INFO	msgwriter	src/common/scoped_message_writer.h:102	Logging to monero-wallet-rpc.log
2026-09-27 07:39:50.485	    7f2c13116e80	INFO	global	contrib/epee/include/net/http_server_impl_base.h:79	Binding on 127.0.0.1 (IPv4):18088
2026-09-27 07:39:52.390	    7f2c13116e80	WARNING	wallet.rpc	src/wallet/wallet_rpc_server.cpp:4660	Starting wallet RPC server
2026-09-27 07:39:54.973	[RPC0]	WARNING	wallet.wallet2	src/wallet/wallet2.cpp:6115	Loaded wallet keys file, with public address: 48c66EdeUBKHp3iWTzTvTWN3mJB44AjUAB5eLxZcioacKQkuRTjm31oAcv7tTemmzcftWQbAZ4GTpAuaQBqkTjVnJPoSKkw
2026-09-27 07:40:06.904	[SRV_MAIN]	WARNING	wallet.rpc	src/wallet/wallet_rpc_server.cpp:4670	Stopped wallet RPC server
2026-09-27 07:40:06.904	[SRV_MAIN]	WARNING	wallet.rpc	src/wallet/wallet_rpc_server.cpp:4673	Saving wallet...
2026-09-27 07:40:06.909	[SRV_MAIN]	WARNING	wallet.rpc	src/wallet/wallet_rpc_server.cpp:4675	Successfully saved
2026-09-27 07:42:30.143	    7f1770081e80	INFO	logging	contrib/epee/src/mlog.cpp:273	New log categories: *:WARNING,net:FATAL,net.http:FATAL,net.ssl:FATAL,net.p2p:FATAL,net.cn:FATAL,daemon.rpc:FATAL,global:INFO,verify:FATAL,serialization:FATAL,daemon.rpc.payment:ERROR,stacktrace:INFO,logging:INFO,msgwriter:INFO
2026-09-27 07:42:30.143	    7f1770081e80	INFO	logging	contrib/epee/src/mlog.cpp:273	New log categories: *:WARNING,net:FATAL,net.http:FATAL,net.ssl:FATAL,net.p2p:FATAL,net.cn:FATAL,daemon.rpc:FATAL,global:INFO,verify:FATAL,serialization:FATAL,daemon.rpc.payment:ERROR,stacktrace:INFO,logging:INFO,msgwriter:INFO
2026-09-27 07:42:30.143	    7f1770081e80	INFO	msgwriter	src/common/scoped_message_writer.h:102	This is the RPC monero wallet. It needs to connect to a monero
2026-09-27 07:42:30.143	    7f1770081e80	INFO	msgwriter	src/common/scoped_message_writer.h:102	daemon to work correctly.
2026-09-27 07:42:30.143	    7f1770081e80	INFO	msgwriter	src/common/scoped_message_writer.h:102	Monero 'Fluorine Fermi' (v0.18.3.1-unknown)
2026-09-27 07:42:30.143	    7f1770081e80	INFO	msgwriter	src/common/scoped_message_writer.h:102	Logging to monero-wallet-rpc.log
2026-09-27 07:42:30.145	    7f1770081e80	INFO	global	contrib/epee/include/net/http_server_impl_base.h:79	Binding on 127.0.0.1 (IPv4):18088
2026-09-27 07:42:30.600	    7f1770081e80	WARNING	wallet.rpc	src/wallet/wallet_rpc_server.cpp:4660	Starting wallet RPC server
2026-09-27 07:42:33.279	[RPC0]	ERROR	wallet.wallet2	src/wallet/wallet2.cpp:6105	e || !exists. THROW EXCEPTION: error::file_not_found
2026-09-27 07:42:33.279	[RPC0]	INFO	stacktrace	src/common/stack_trace.cpp:133	Exception: tools::error::file_error_base<1>
2026-09-27 07:42:33.279	[RPC0]	INFO	stacktrace	src/common/stack_trace.cpp:134	Unwound call stack:
2026-09-27 07:42:33.280	[RPC0]	INFO	stacktrace	src/common/stack_trace.cpp:172	    [1]  0xad) [0x5561efd02775]:__cxa_throw+0xad) [0x5561efd02775]
2026-09-27 07:42:33.280	[RPC0]	INFO	stacktrace	src/common/stack_trace.cpp:172	    [2] monero-wallet-rpc(+0x456c2a) [0x5561f0025c2a] 
2026-09-27 07:42:33.280	[RPC0]	INFO	stacktrace	src/common/stack_trace.cpp:172	    [3] monero-wallet-rpc(+0x3e10db) [0x5561effb00db] 
2026-09-27 07:42:33.280	[RPC0]	INFO	stacktrace	src/common/stack_trace.cpp:172	    [4] monero-wallet-rpc(+0x3e3027) [0x5561effb2027] 
2026-09-27 07:42:33.280	[RPC0]	INFO	stacktrace	src/common/stack_trace.cpp:172	    [5] monero-wallet-rpc(+0x1ae377) [0x5561efd7d377] 
2026-09-27 07:42:33.280	[RPC0]	INFO	stacktrace	src/common/stack_trace.cpp:172	    [6] monero-wallet-rpc(+0x2eee78) [0x5561efebde78] 
2026-09-27 07:42:33.280	[RPC0]	INFO	stacktrace	src/common/stack_trace.cpp:172	    [7] monero-wallet-rpc(+0x30e7d3) [0x5561efedd7d3] 
2026-09-27 07:42:33.280	[RPC0]	INFO	stacktrace	src/common/stack_trace.cpp:172	    [8] monero-wallet-rpc(+0x2050a5) [0x5561efdd40a5] 
2026-09-27 07:42:33.280	[RPC0]	INFO	stacktrace	src/common/stack_trace.cpp:172	    [9] monero-wallet-rpc(+0x2c2fac) [0x5561efe91fac] 
2026-09-27 07:42:33.280	[RPC0]	INFO	stacktrace	src/common/stack_trace.cpp:172	    [10] monero-wallet-rpc(+0x2c36c0) [0x5561efe926c0] 
2026-09-27 07:42:33.280	[RPC0]	INFO	stacktrace	src/common/stack_trace.cpp:172	    [11] monero-wallet-rpc(+0x2d2f47) [0x5561efea1f47] 
2026-09-27 07:42:33.280	[RPC0]	INFO	stacktrace	src/common/stack_trace.cpp:172	    [12] monero-wallet-rpc(+0x2d3092) [0x5561efea2092] 
2026-09-27 07:42:33.280	[RPC0]	INFO	stacktrace	src/common/stack_trace.cpp:172	    [13] monero-wallet-rpc(+0x1eea25) [0x5561efdbda25] 
2026-09-27 07:42:33.280	[RPC0]	INFO	stacktrace	src/common/stack_trace.cpp:172	    [14] monero-wallet-rpc(+0x1ef579) [0x5561efdbe579] 
2026-09-27 07:42:33.280	[RPC0]	INFO	stacktrace	src/common/stack_trace.cpp:172	    [15] monero-wallet-rpc(+0x1979a1) [0x5561efd669a1] 
2026-09-27 07:42:33.280	[RPC0]	INFO	stacktrace	src/common/stack_trace.cpp:172	    [16] monero-wallet-rpc(+0x20f00a) [0x5561efdde00a] 
2026-09-27 07:42:33.280	[RPC0]	INFO	stacktrace	src/common/stack_trace.cpp:172	    [17]  0x1699f) [0x7f1770a1299f]:_64-linux-gnu/libboost_thread.so.1.83.0(+0x1699f) [0x7f1770a1299f]
2026-09-27 07:42:33.280	[RPC0]	INFO	stacktrace	src/common/stack_trace.cpp:172	    [18]  0x9caa4) [0x7f176fa9caa4]:_64-linux-gnu/libc.so.6(+0x9caa4) [0x7f176fa9caa4]
2026-09-27 07:42:33.280	[RPC0]	INFO	stacktrace	src/common/stack_trace.cpp:172	    [19]  0x129c6c) [0x7f176fb29c6c]:_64-linux-gnu/libc.so.6(+0x129c6c) [0x7f176fb29c6c]
2026-09-27 07:42:33.280	[RPC0]	INFO	stacktrace	src/common/stack_trace.cpp:172	
2026-09-27 07:42:44.809	[RPC0]	WARNING	wallet.wallet2	src/wallet/wallet2.cpp:8158	Requested ring size 1 too low, using 16
2026-09-27 07:42:44.812	[RPC0]	ERROR	wallet.wallet2	src/wallet/wallet2.cpp:10622	needed_money + min_fee > balance_subtotal. THROW EXCEPTION: error::not_enough_money
2026-09-27 07:42:44.812	[RPC0]	INFO	stacktrace	src/common/stack_trace.cpp:133	Exception: tools::error::not_enough_money
2026-09-27 07:42:44.812	[RPC0]	INFO	stacktrace	src/common/stack_trace.cpp:134	Unwound call stack:
2026-09-27 07:42:44.812	[RPC0]	INFO	stacktrace	src/common/stack_trace.cpp:172	    [1]  0xad) [0x5561efd02775]:__cxa_throw+0xad) [0x5561efd02775]
2026-09-27 07:42:44.813	[RPC0]	INFO	stacktrace	src/common/stack_trace.cpp:172	    [2] monero-wallet-rpc(+0x10160b) [0x5561efcd060b] 
2026-09-27 07:42:44.813	[RPC0]	INFO	stacktrace	src/common/stack_trace.cpp:172	    [3] monero-wallet-rpc(+0x400243) [0x5561effcf243] 
2026-09-27 07:42:44.813	[RPC0]	INFO	stacktrace	src/common/stack_trace.cpp:172	    [4] monero-wallet-rpc(+0x1b96ae) [0x5561efd886ae] 
2026-09-27 07:42:44.813	[RPC0]	INFO	stacktrace	src/common/stack_trace.cpp:172	    [5] monero-wallet-rpc(+0x2f873b) [0x5561efec773b] 
2026-09-27 07:42:44.813	[RPC0]	INFO	stacktrace	src/common/stack_trace.cpp:172	    [6] monero-wallet-rpc(+0x30e7d3) [0x5561efedd7d3] 
2026-09-27 07:42:44.813	[RPC0]	INFO	stacktrace	src/common/stack_trace.cpp:172	    [7] monero-wallet-rpc(+0x2050a5) [0x5561efdd40a5] 
2026-09-27 07:42:44.813	[RPC0]	INFO	stacktrace	src/common/stack_trace.cpp:172	    [8] monero-wallet-rpc(+0x2c2fac) [0x5561efe91fac] 
2026-09-27 07:42:44.813	[RPC0]	INFO	stacktrace	src/common/stack_trace.cpp:172	    [9] monero-wallet-rpc(+0x2c36c0) [0x5561efe926c0] 
2026-09-27 07:42:44.813	[RPC0]	INFO	stacktrace	src/common/stack_trace.cpp:172	    [10] monero-wallet-rpc(+0x2d2f47) [0x5561efea1f47] 
2026-09-27 07:42:44.813	[RPC0]	INFO	stacktrace	src/common/stack_trace.cpp:172	    [11] monero-wallet-rpc(+0x2d3092) [0x5561efea2092] 
2026-09-27 07:42:44.813	[RPC0]	INFO	stacktrace	src/common/stack_trace.cpp:172	    [12] monero-wallet-rpc(+0x1eea25) [0x5561efdbda25] 
2026-09-27 07:42:44.813	[RPC0]	INFO	stacktrace	src/common/stack_trace.cpp:172	    [13] monero-wallet-rpc(+0x1ef579) [0x5561efdbe579] 
2026-09-27 07:42:44.813	[RPC0]	INFO	stacktrace	src/common/stack_trace.cpp:172	    [14] monero-wallet-rpc(+0x1979a1) [0x5561efd669a1] 
2026-09-27 07:42:44.813	[RPC0]	INFO	stacktrace	src/common/stack_trace.cpp:172	    [15] monero-wallet-rpc(+0x20f00a) [0x5561efdde00a] 
2026-09-27 07:42:44.813	[RPC0]	INFO	stacktrace	src/common/stack_trace.cpp:172	    [16]  0x1699f) [0x7f1770a1299f]:_64-linux-gnu/libboost_thread.so.1.83.0(+0x1699f) [0x7f1770a1299f]
2026-09-27 07:42:44.813	[RPC0]	INFO	stacktrace	src/common/stack_trace.cpp:172	    [17]  0x9caa4) [0x7f176fa9caa4]:_64-linux-gnu/libc.so.6(+0x9caa4) [0x7f176fa9caa4]
2026-09-27 07:42:44.813	[RPC0]	INFO	stacktrace	src/common/stack_trace.cpp:172	    [18]  0x129c6c) [0x7f176fb29c6c]:_64-linux-gnu/libc.so.6(+0x129c6c) [0x7f176fb29c6c]
2026-09-27 07:42:44.813	[RPC0]	INFO	stacktrace	src/common/stack_trace.cpp:172	
2026-09-27 07:43:18.511	[SRV_MAIN]	WARNING	wallet.rpc	src/wallet/wallet_rpc_server.cpp:4670	Stopped wallet RPC server
2026-09-27 07:43:18.511	[SRV_MAIN]	WARNING	wallet.rpc	src/wallet/wallet_rpc_server.cpp:4673	Saving wallet...
2026-09-27 07:43:18.517	[SRV_MAIN]	WARNING	wallet.rpc	src/wallet/wallet_rpc_server.cpp:4675	Successfully saved
2026-09-27 07:44:26.479	    7f8609529e80	INFO	logging	contrib/epee/src/mlog.cpp:273	New log categories: *:WARNING,net:FATAL,net.http:FATAL,net.ssl:FATAL,net.p2p:FATAL,net.cn:FATAL,daemon.rpc:FATAL,global:INFO,verify:FATAL,serialization:FATAL,daemon.rpc.payment:ERROR,stacktrace:INFO,logging:INFO,msgwriter:INFO
2026-09-27 07:44:26.479	    7f8609529e80	INFO	logging	contrib/epee/src/mlog.cpp:273	New log categories: *:WARNING,net:FATAL,net.http:FATAL,net.ssl:FATAL,net.p2p:FATAL,net.cn:FATAL,daemon.rpc:FATAL,global:INFO,verify:FATAL,serialization:FATAL,daemon.rpc.payment:ERROR,stacktrace:INFO,logging:INFO,msgwriter:INFO
2026-09-27 07:44:26.479	    7f8609529e80	INFO	msgwriter	src/common/scoped_message_writer.h:102	This is the RPC monero wallet. It needs to connect to a monero
2026-09-27 07:44:26.479	    7f8609529e80	INFO	msgwriter	src/common/scoped_message_writer.h:102	daemon to work correctly.
2026-09-27 07:44:26.479	    7f8609529e80	INFO	msgwriter	src/common/scoped_message_writer.h:102	Monero 'Fluorine Fermi' (v0.18.3.1-unknown)
2026-09-27 07:44:26.479	    7f8609529e80	INFO	msgwriter	src/common/scoped_message_writer.h:102	Logging to monero-wallet-rpc.log
2026-09-27 07:44:26.481	    7f8609529e80	INFO	global	contrib/epee/include/net/http_server_impl_base.h:79	Binding on 127.0.0.1 (IPv4):18088
2026-09-27 07:44:27.511	    7f8609529e80	WARNING	wallet.rpc	src/wallet/wallet_rpc_server.cpp:4660	Starting wallet RPC server
2026-09-27 07:44:30.763	[RPC0]	ERROR	wallet.wallet2	src/wallet/wallet2.cpp:6105	e || !exists. THROW EXCEPTION: error::file_not_found
2026-09-27 07:44:30.763	[RPC0]	INFO	stacktrace	src/common/stack_trace.cpp:133	Exception: tools::error::file_error_base<1>
2026-09-27 07:44:30.763	[RPC0]	INFO	stacktrace	src/common/stack_trace.cpp:134	Unwound call stack:
2026-09-27 07:44:30.764	[RPC0]	INFO	stacktrace	src/common/stack_trace.cpp:172	    [1]  0xad) [0x561b11940775]:__cxa_throw+0xad) [0x561b11940775]
2026-09-27 07:44:30.764	[RPC0]	INFO	stacktrace	src/common/stack_trace.cpp:172	    [2] monero-wallet-rpc(+0x456c2a) [0x561b11c63c2a] 
2026-09-27 07:44:30.764	[RPC0]	INFO	stacktrace	src/common/stack_trace.cpp:172	    [3] monero-wallet-rpc(+0x3e10db) [0x561b11bee0db] 
2026-09-27 07:44:30.764	[RPC0]	INFO	stacktrace	src/common/stack_trace.cpp:172	    [4] monero-wallet-rpc(+0x3e3027) [0x561b11bf0027] 
2026-09-27 07:44:30.764	[RPC0]	INFO	stacktrace	src/common/stack_trace.cpp:172	    [5] monero-wallet-rpc(+0x1ae377) [0x561b119bb377] 
2026-09-27 07:44:30.764	[RPC0]	INFO	stacktrace	src/common/stack_trace.cpp:172	    [6] monero-wallet-rpc(+0x2eee78) [0x561b11afbe78] 
2026-09-27 07:44:30.764	[RPC0]	INFO	stacktrace	src/common/stack_trace.cpp:172	    [7] monero-wallet-rpc(+0x30e7d3) [0x561b11b1b7d3] 
2026-09-27 07:44:30.764	[RPC0]	INFO	stacktrace	src/common/stack_trace.cpp:172	    [8] monero-wallet-rpc(+0x2050a5) [0x561b11a120a5] 
2026-09-27 07:44:30.764	[RPC0]	INFO	stacktrace	src/common/stack_trace.cpp:172	    [9] monero-wallet-rpc(+0x2c2fac) [0x561b11acffac] 
2026-09-27 07:44:30.764	[RPC0]	INFO	stacktrace	src/common/stack_trace.cpp:172	    [10] monero-wallet-rpc(+0x2c36c0) [0x561b11ad06c0] 
2026-09-27 07:44:30.764	[RPC0]	INFO	stacktrace	src/common/stack_trace.cpp:172	    [11] monero-wallet-rpc(+0x2d2f47) [0x561b11adff47] 
2026-09-27 07:44:30.764	[RPC0]	INFO	stacktrace	src/common/stack_trace.cpp:172	    [12] monero-wallet-rpc(+0x2d3092) [0x561b11ae0092] 
2026-09-27 07:44:30.764	[RPC0]	INFO	stacktrace	src/common/stack_trace.cpp:172	    [13] monero-wallet-rpc(+0x1eea25) [0x561b119fba25] 
2026-09-27 07:44:30.764	[RPC0]	INFO	stacktrace	src/common/stack_trace.cpp:172	    [14] monero-wallet-rpc(+0x1ef579) [0x561b119fc579] 
2026-09-27 07:44:30.764	[RPC0]	INFO	stacktrace	src/common/stack_trace.cpp:172	    [15] monero-wallet-rpc(+0x1979a1) [0x561b119a49a1] 
2026-09-27 07:44:30.764	[RPC0]	INFO	stacktrace	src/common/stack_trace.cpp:172	    [16] monero-wallet-rpc(+0x20f00a) [0x561b11a1c00a] 
2026-09-27 07:44:30.764	[RPC0]	INFO	stacktrace	src/common/stack_trace.cpp:172	    [17]  0x1699f) [0x7f860992099f]:_64-linux-gnu/libboost_thread.so.1.83.0(+0x1699f) [0x7f860992099f]
2026-09-27 07:44:30.764	[RPC0]	INFO	stacktrace	src/common/stack_trace.cpp:172	    [18]  0x9caa4) [0x7f860889caa4]:_64-linux-gnu/libc.so.6(+0x9caa4) [0x7f860889caa4]
2026-09-27 07:44:30.764	[RPC0]	INFO	stacktrace	src/common/stack_trace.cpp:172	    [19]  0x129c6c) [0x7f8608929c6c]:_64-linux-gnu/libc.so.6(+0x129c6c) [0x7f8608929c6c]
2026-09-27 07:44:30.764	[RPC0]	INFO	stacktrace	src/common/stack_trace.cpp:172	
2026-09-27 07:44:34.325	[RPC0]	INFO	stacktrace	src/common/stack_trace.cpp:133	Exception: boost::exception_detail::clone_impl<boost::system::system_error>
2026-09-27 07:44:34.325	[RPC0]	INFO	stacktrace	src/common/stack_trace.cpp:134	Unwound call stack:
2026-09-27 07:44:34.325	[RPC0]	INFO	stacktrace	src/common/stack_trace.cpp:172	    [1]  0xad) [0x561b11940775]:__cxa_throw+0xad) [0x561b11940775]
2026-09-27 07:44:34.325	[RPC0]	INFO	stacktrace	src/common/stack_trace.cpp:172	    [2] monero-wallet-rpc(+0x15fcb0) [0x561b1196ccb0] 
2026-09-27 07:44:34.325	[RPC0]	INFO	stacktrace	src/common/stack_trace.cpp:172	    [3] monero-wallet-rpc(+0x79349c) [0x561b11fa049c] 
2026-09-27 07:44:34.325	[RPC0]	INFO	stacktrace	src/common/stack_trace.cpp:172	    [4] monero-wallet-rpc(+0x794963) [0x561b11fa1963] 
2026-09-27 07:44:34.325	[RPC0]	INFO	stacktrace	src/common/stack_trace.cpp:172	    [5] monero-wallet-rpc(+0x794fc1) [0x561b11fa1fc1] 
2026-09-27 07:44:34.325	[RPC0]	INFO	stacktrace	src/common/stack_trace.cpp:172	    [6] monero-wallet-rpc(+0x77a80f) [0x561b11f8780f] 
2026-09-27 07:44:34.325	[RPC0]	INFO	stacktrace	src/common/stack_trace.cpp:172	    [7] monero-wallet-rpc(+0x77b3f4) [0x561b11f883f4] 
2026-09-27 07:44:34.325	[RPC0]	INFO	stacktrace	src/common/stack_trace.cpp:172	    [8] monero-wallet-rpc(+0x77b916) [0x561b11f88916] 
2026-09-27 07:44:34.325	[RPC0]	INFO	stacktrace	src/common/stack_trace.cpp:172	    [9] monero-wallet-rpc(+0x78e31a) [0x561b11f9b31a] 
2026-09-27 07:44:34.325	[RPC0]	INFO	stacktrace	src/common/stack_trace.cpp:172	    [10] monero-wallet-rpc(+0x1bc4d2) [0x561b119c94d2] 
2026-09-27 07:44:34.325	[RPC0]	INFO	stacktrace	src/common/stack_trace.cpp:172	    [11] monero-wallet-rpc(+0x2ef3ff) [0x561b11afc3ff] 
2026-09-27 07:44:34.325	[RPC0]	INFO	stacktrace	src/common/stack_trace.cpp:172	    [12] monero-wallet-rpc(+0x30e7d3) [0x561b11b1b7d3] 
2026-09-27 07:44:34.325	[RPC0]	INFO	stacktrace	src/common/stack_trace.cpp:172	    [13] monero-wallet-rpc(+0x2050a5) [0x561b11a120a5] 
2026-09-27 07:44:34.325	[RPC0]	INFO	stacktrace	src/common/stack_trace.cpp:172	    [14] monero-wallet-rpc(+0x2c2fac) [0x561b11acffac] 
2026-09-27 07:44:34.325	[RPC0]	INFO	stacktrace	src/common/stack_trace.cpp:172	    [15] monero-wallet-rpc(+0x2c36c0) [0x561b11ad06c0] 
2026-09-27 07:44:34.325	[RPC0]	INFO	stacktrace	src/common/stack_trace.cpp:172	    [16] monero-wallet-rpc(+0x2d2f47) [0x561b11adff47] 
2026-09-27 07:44:34.325	[RPC0]	INFO	stacktrace	src/common/stack_trace.cpp:172	    [17] monero-wallet-rpc(+0x2d3092) [0x561b11ae0092] 
2026-09-27 07:44:34.325	[RPC0]	INFO	stacktrace	src/common/stack_trace.cpp:172	    [18] monero-wallet-rpc(+0x1eea25) [0x561b119fba25] 
2026-09-27 07:44:34.325	[RPC0]	INFO	stacktrace	src/common/stack_trace.cpp:172	    [19] monero-wallet-rpc(+0x1ef579) [0x561b119fc579] 
2026-09-27 07:44:34.325	[RPC0]	INFO	stacktrace	src/common/stack_trace.cpp:172	    [20] monero-wallet-rpc(+0x1979a1) [0x561b119a49a1] 
2026-09-27 07:44:34.325	[RPC0]	INFO	stacktrace	src/common/stack_trace.cpp:172	    [21] monero-wallet-rpc(+0x20f00a) [0x561b11a1c00a] 
2026-09-27 07:44:34.325	[RPC0]	INFO	stacktrace	src/common/stack_trace.cpp:172	    [22]  0x1699f) [0x7f860992099f]:_64-linux-gnu/libboost_thread.so.1.83.0(+0x1699f) [0x7f860992099f]
2026-09-27 07:44:34.325	[RPC0]	INFO	stacktrace	src/common/stack_trace.cpp:172	    [23]  0x9caa4) [0x7f860889caa4]:_64-linux-gnu/libc.so.6(+0x9caa4) [0x7f860889caa4]
2026-09-27 07:44:34.325	[RPC0]	INFO	stacktrace	src/common/stack_trace.cpp:172	    [24]  0x129c6c) [0x7f8608929c6c]:_64-linux-gnu/libc.so.6(+0x129c6c) [0x7f8608929c6c]
2026-09-27 07:44:34.326	[RPC0]	INFO	stacktrace	src/common/stack_trace.cpp:172	
2026-09-27 07:44:34.402	[RPC0]	INFO	stacktrace	src/common/stack_trace.cpp:133	Exception: boost::exception_detail::clone_impl<boost::system::system_error>
2026-09-27 07:44:34.402	[RPC0]	INFO	stacktrace	src/common/stack_trace.cpp:134	Unwound call stack:
2026-09-27 07:44:34.402	[RPC0]	INFO	stacktrace	src/common/stack_trace.cpp:172	    [1]  0xad) [0x561b11940775]:__cxa_throw+0xad) [0x561b11940775]
2026-09-27 07:44:34.402	[RPC0]	INFO	stacktrace	src/common/stack_trace.cpp:172	    [2] monero-wallet-rpc(+0x15fcb0) [0x561b1196ccb0] 
2026-09-27 07:44:34.402	[RPC0]	INFO	stacktrace	src/common/stack_trace.cpp:172	    [3] monero-wallet-rpc(+0x79349c) [0x561b11fa049c] 
2026-09-27 07:44:34.402	[RPC0]	INFO	stacktrace	src/common/stack_trace.cpp:172	    [4] monero-wallet-rpc(+0x794963) [0x561b11fa1963] 
2026-09-27 07:44:34.402	[RPC0]	INFO	stacktrace	src/common/stack_trace.cpp:172	    [5] monero-wallet-rpc(+0x794fc1) [0x561b11fa1fc1] 
2026-09-27 07:44:34.402	[RPC0]	INFO	stacktrace	src/common/stack_trace.cpp:172	    [6] monero-wallet-rpc(+0x77a80f) [0x561b11f8780f] 
2026-09-27 07:44:34.402	[RPC0]	INFO	stacktrace	src/common/stack_trace.cpp:172	    [7] monero-wallet-rpc(+0x77b3f4) [0x561b11f883f4] 
2026-09-27 07:44:34.402	[RPC0]	INFO	stacktrace	src/common/stack_trace.cpp:172	    [8] monero-wallet-rpc(+0x77b916) [0x561b11f88916] 
2026-09-27 07:44:34.402	[RPC0]	INFO	stacktrace	src/common/stack_trace.cpp:172	    [9] monero-wallet-rpc(+0x78e31a) [0x561b11f9b31a] 
2026-09-27 07:44:34.402	[RPC0]	INFO	stacktrace	src/common/stack_trace.cpp:172	    [10] monero-wallet-rpc(+0x52d9ea) [0x561b11d3a9ea] 
2026-09-27 07:44:34.402	[RPC0]	INFO	stacktrace	src/common/stack_trace.cpp:172	    [11] monero-wallet-rpc(+0x52e4ca) [0x561b11d3b4ca] 
2026-09-27 07:44:34.402	[RPC0]	INFO	stacktrace	src/common/stack_trace.cpp:172	    [12] monero-wallet-rpc(+0x521b85) [0x561b11d2eb85] 
2026-09-27 07:44:34.402	[RPC0]	INFO	stacktrace	src/common/stack_trace.cpp:172	    [13] monero-wallet-rpc(+0x52258c) [0x561b11d2f58c] 
2026-09-27 07:44:34.402	[RPC0]	INFO	stacktrace	src/common/stack_trace.cpp:172	    [14] monero-wallet-rpc(+0x32e5c9) [0x561b11b3b5c9] 
2026-09-27 07:44:34.402	[RPC0]	INFO	stacktrace	src/common/stack_trace.cpp:172	    [15] monero-wallet-rpc(+0x32e910) [0x561b11b3b910] 
2026-09-27 07:44:34.402	[RPC0]	INFO	stacktrace	src/common/stack_trace.cpp:172	    [16] monero-wallet-rpc(+0x3a1d38) [0x561b11baed38] 
2026-09-27 07:44:34.402	[RPC0]	INFO	stacktrace	src/common/stack_trace.cpp:172	    [17] monero-wallet-rpc(+0x1bc116) [0x561b119c9116] 
2026-09-27 07:44:34.402	[RPC0]	INFO	stacktrace	src/common/stack_trace.cpp:172	    [18] monero-wallet-rpc(+0x2ef3ff) [0x561b11afc3ff] 
2026-09-27 07:44:34.402	[RPC0]	INFO	stacktrace	src/common/stack_trace.cpp:172	    [19] monero-wallet-rpc(+0x30e7d3) [0x561b11b1b7d3] 
2026-09-27 07:44:34.402	[RPC0]	INFO	stacktrace	src/common/stack_trace.cpp:172	    [20] monero-wallet-rpc(+0x2050a5) [0x561b11a120a5] 
2026-09-27 07:44:34.402	[RPC0]	INFO	stacktrace	src/common/stack_trace.cpp:172	    [21] monero-wallet-rpc(+0x2c2fac) [0x561b11acffac] 
2026-09-27 07:44:34.402	[RPC0]	INFO	stacktrace	src/common/stack_trace.cpp:172	    [22] monero-wallet-rpc(+0x2c36c0) [0x561b11ad06c0] 
2026-09-27 07:44:34.402	[RPC0]	INFO	stacktrace	src/common/stack_trace.cpp:172	    [23] monero-wallet-rpc(+0x2d2f47) [0x561b11adff47] 
2026-09-27 07:44:34.402	[RPC0]	INFO	stacktrace	src/common/stack_trace.cpp:172	    [24] monero-wallet-rpc(+0x2d3092) [0x561b11ae0092] 
2026-09-27 07:44:34.402	[RPC0]	INFO	stacktrace	src/common/stack_trace.cpp:172	    [25] monero-wallet-rpc(+0x1eea25) [0x561b119fba25] 
2026-09-27 07:44:34.402	[RPC0]	INFO	stacktrace	src/common/stack_trace.cpp:172	    [26] monero-wallet-rpc(+0x1ef579) [0x561b119fc579] 
2026-09-27 07:44:34.402	[RPC0]	INFO	stacktrace	src/common/stack_trace.cpp:172	    [27] monero-wallet-rpc(+0x1979a1) [0x561b119a49a1] 
2026-09-27 07:44:34.402	[RPC0]	INFO	stacktrace	src/common/stack_trace.cpp:172	    [28] monero-wallet-rpc(+0x20f00a) [0x561b11a1c00a] 
2026-09-27 07:44:34.402	[RPC0]	INFO	stacktrace	src/common/stack_trace.cpp:172	    [29]  0x1699f) [0x7f860992099f]:_64-linux-gnu/libboost_thread.so.1.83.0(+0x1699f) [0x7f860992099f]
2026-09-27 07:44:34.402	[RPC0]	INFO	stacktrace	src/common/stack_trace.cpp:172	    [30]  0x9caa4) [0x7f860889caa4]:_64-linux-gnu/libc.so.6(+0x9caa4) [0x7f860889caa4]
2026-09-27 07:44:34.402	[RPC0]	INFO	stacktrace	src/common/stack_trace.cpp:172	    [31]  0x129c6c) [0x7f8608929c6c]:_64-linux-gnu/libc.so.6(+0x129c6c) [0x7f8608929c6c]
2026-09-27 07:44:34.402	[RPC0]	INFO	stacktrace	src/common/stack_trace.cpp:172	
2026-09-27 07:44:34.402	[RPC0]	INFO	stacktrace	src/common/stack_trace.cpp:133	Exception: boost::exception_detail::clone_impl<boost::system::system_error>
2026-09-27 07:44:34.402	[RPC0]	INFO	stacktrace	src/common/stack_trace.cpp:134	Unwound call stack:
2026-09-27 07:44:34.402	[RPC0]	INFO	stacktrace	src/common/stack_trace.cpp:172	    [1]  0xad) [0x561b11940775]:__cxa_throw+0xad) [0x561b11940775]
2026-09-27 07:44:34.402	[RPC0]	INFO	stacktrace	src/common/stack_trace.cpp:172	    [2] monero-wallet-rpc(+0x15fcb0) [0x561b1196ccb0] 
2026-09-27 07:44:34.402	[RPC0]	INFO	stacktrace	src/common/stack_trace.cpp:172	    [3] monero-wallet-rpc(+0x79349c) [0x561b11fa049c] 
2026-09-27 07:44:34.402	[RPC0]	INFO	stacktrace	src/common/stack_trace.cpp:172	    [4] monero-wallet-rpc(+0x794963) [0x561b11fa1963] 
2026-09-27 07:44:34.402	[RPC0]	INFO	stacktrace	src/common/stack_trace.cpp:172	    [5] monero-wallet-rpc(+0x794fc1) [0x561b11fa1fc1] 
2026-09-27 07:44:34.402	[RPC0]	INFO	stacktrace	src/common/stack_trace.cpp:172	    [6] monero-wallet-rpc(+0x77a80f) [0x561b11f8780f] 
2026-09-27 07:44:34.402	[RPC0]	INFO	stacktrace	src/common/stack_trace.cpp:172	    [7] monero-wallet-rpc(+0x77b3f4) [0x561b11f883f4] 
2026-09-27 07:44:34.402	[RPC0]	INFO	stacktrace	src/common/stack_trace.cpp:172	    [8] monero-wallet-rpc(+0x77b916) [0x561b11f88916] 
2026-09-27 07:44:34.402	[RPC0]	INFO	stacktrace	src/common/stack_trace.cpp:172	    [9] monero-wallet-rpc(+0x78e31a) [0x561b11f9b31a] 
2026-09-27 07:44:34.403	[RPC0]	INFO	stacktrace	src/common/stack_trace.cpp:172	    [10] monero-wallet-rpc(+0x52d9ea) [0x561b11d3a9ea] 
2026-09-27 07:44:34.403	[RPC0]	INFO	stacktrace	src/common/stack_trace.cpp:172	    [11] monero-wallet-rpc(+0x52e4ca) [0x561b11d3b4ca] 
2026-09-27 07:44:34.403	[RPC0]	INFO	stacktrace	src/common/stack_trace.cpp:172	    [12] monero-wallet-rpc(+0x521b85) [0x561b11d2eb85] 
2026-09-27 07:44:34.403	[RPC0]	INFO	stacktrace	src/common/stack_trace.cpp:172	    [13] monero-wallet-rpc(+0x5224cc) [0x561b11d2f4cc] 
2026-09-27 07:44:34.403	[RPC0]	INFO	stacktrace	src/common/stack_trace.cpp:172	    [14] monero-wallet-rpc(+0x32e4a8) [0x561b11b3b4a8] 
2026-09-27 07:44:34.403	[RPC0]	INFO	stacktrace	src/common/stack_trace.cpp:172	    [15] monero-wallet-rpc(+0x32e929) [0x561b11b3b929] 
2026-09-27 07:44:34.403	[RPC0]	INFO	stacktrace	src/common/stack_trace.cpp:172	    [16] monero-wallet-rpc(+0x3a1d38) [0x561b11baed38] 
2026-09-27 07:44:34.403	[RPC0]	INFO	stacktrace	src/common/stack_trace.cpp:172	    [17] monero-wallet-rpc(+0x1bc116) [0x561b119c9116] 
2026-09-27 07:44:34.403	[RPC0]	INFO	stacktrace	src/common/stack_trace.cpp:172	    [18] monero-wallet-rpc(+0x2ef3ff) [0x561b11afc3ff] 
2026-09-27 07:44:34.403	[RPC0]	INFO	stacktrace	src/common/stack_trace.cpp:172	    [19] monero-wallet-rpc(+0x30e7d3) [0x561b11b1b7d3] 
2026-09-27 07:44:34.403	[RPC0]	INFO	stacktrace	src/common/stack_trace.cpp:172	    [20] monero-wallet-rpc(+0x2050a5) [0x561b11a120a5] 
2026-09-27 07:44:34.403	[RPC0]	INFO	stacktrace	src/common/stack_trace.cpp:172	    [21] monero-wallet-rpc(+0x2c2fac) [0x561b11acffac] 
2026-09-27 07:44:34.403	[RPC0]	INFO	stacktrace	src/common/stack_trace.cpp:172	    [22] monero-wallet-rpc(+0x2c36c0) [0x561b11ad06c0] 
2026-09-27 07:44:34.403	[RPC0]	INFO	stacktrace	src/common/stack_trace.cpp:172	    [23] monero-wallet-rpc(+0x2d2f47) [0x561b11adff47] 
2026-09-27 07:44:34.403	[RPC0]	INFO	stacktrace	src/common/stack_trace.cpp:172	    [24] monero-wallet-rpc(+0x2d3092) [0x561b11ae0092] 
2026-09-27 07:44:34.403	[RPC0]	INFO	stacktrace	src/common/stack_trace.cpp:172	    [25] monero-wallet-rpc(+0x1eea25) [0x561b119fba25] 
2026-09-27 07:44:34.403	[RPC0]	INFO	stacktrace	src/common/stack_trace.cpp:172	    [26] monero-wallet-rpc(+0x1ef579) [0x561b119fc579] 
2026-09-27 07:44:34.403	[RPC0]	INFO	stacktrace	src/common/stack_trace.cpp:172	    [27] monero-wallet-rpc(+0x1979a1) [0x561b119a49a1] 
2026-09-27 07:44:34.403	[RPC0]	INFO	stacktrace	src/common/stack_trace.cpp:172	    [28] monero-wallet-rpc(+0x20f00a) [0x561b11a1c00a] 
2026-09-27 07:44:34.403	[RPC0]	INFO	stacktrace	src/common/stack_trace.cpp:172	    [29]  0x1699f) [0x7f860992099f]:_64-linux-gnu/libboost_thread.so.1.83.0(+0x1699f) [0x7f860992099f]
2026-09-27 07:44:34.403	[RPC0]	INFO	stacktrace	src/common/stack_trace.cpp:172	    [30]  0x9caa4) [0x7f860889caa4]:_64-linux-gnu/libc.so.6(+0x9caa4) [0x7f860889caa4]
2026-09-27 07:44:34.403	[RPC0]	INFO	stacktrace	src/common/stack_trace.cpp:172	    [31]  0x129c6c) [0x7f8608929c6c]:_64-linux-gnu/libc.so.6(+0x129c6c) [0x7f8608929c6c]
2026-09-27 07:44:34.403	[RPC0]	INFO	stacktrace	src/common/stack_trace.cpp:172	
2026-09-27 07:44:50.164	[RPC0]	ERROR	wallet.wallet2	src/wallet/wallet2.cpp:3829	Blocks start before blockchain offset: 0 2985000
2026-09-27 07:44:50.167	[RPC0]	ERROR	wallet.wallet2	src/wallet/wallet2.cpp:3130	!m_blockchain.is_in_bounds(current_index). THROW EXCEPTION: error::out_of_hashchain_bounds_error
2026-09-27 07:44:50.167	[RPC0]	INFO	stacktrace	src/common/stack_trace.cpp:133	Exception: tools::error::out_of_hashchain_bounds_error
2026-09-27 07:44:50.167	[RPC0]	INFO	stacktrace	src/common/stack_trace.cpp:134	Unwound call stack:
2026-09-27 07:44:50.167	[RPC0]	INFO	stacktrace	src/common/stack_trace.cpp:172	    [1]  0xad) [0x561b11940775]:__cxa_throw+0xad) [0x561b11940775]
2026-09-27 07:44:50.167	[RPC0]	INFO	stacktrace	src/common/stack_trace.cpp:172	    [2] monero-wallet-rpc(+0x441474) [0x561b11c4e474] 
2026-09-27 07:44:50.167	[RPC0]	INFO	stacktrace	src/common/stack_trace.cpp:172	    [3] monero-wallet-rpc(+0x3ecf29) [0x561b11bf9f29] 
2026-09-27 07:44:50.167	[RPC0]	INFO	stacktrace	src/common/stack_trace.cpp:172	    [4] monero-wallet-rpc(+0x3f0a49) [0x561b11bfda49] 
2026-09-27 07:44:50.167	[RPC0]	INFO	stacktrace	src/common/stack_trace.cpp:172	    [5] monero-wallet-rpc(+0x1ad53e) [0x561b119ba53e] 
2026-09-27 07:44:50.167	[RPC0]	INFO	stacktrace	src/common/stack_trace.cpp:172	    [6] monero-wallet-rpc(+0x2ed36e) [0x561b11afa36e] 
2026-09-27 07:44:50.167	[RPC0]	INFO	stacktrace	src/common/stack_trace.cpp:172	    [7] monero-wallet-rpc(+0x30e7d3) [0x561b11b1b7d3] 
2026-09-27 07:44:50.167	[RPC0]	INFO	stacktrace	src/common/stack_trace.cpp:172	    [8] monero-wallet-rpc(+0x2050a5) [0x561b11a120a5] 
2026-09-27 07:44:50.167	[RPC0]	INFO	stacktrace	src/common/stack_trace.cpp:172	    [9] monero-wallet-rpc(+0x2c2fac) [0x561b11acffac] 
2026-09-27 07:44:50.167	[RPC0]	INFO	stacktrace	src/common/stack_trace.cpp:172	    [10] monero-wallet-rpc(+0x2c36c0) [0x561b11ad06c0] 
2026-09-27 07:44:50.167	[RPC0]	INFO	stacktrace	src/common/stack_trace.cpp:172	    [11] monero-wallet-rpc(+0x2d2f47) [0x561b11adff47] 
2026-09-27 07:44:50.167	[RPC0]	INFO	stacktrace	src/common/stack_trace.cpp:172	    [12] monero-wallet-rpc(+0x2d3092) [0x561b11ae0092] 
2026-09-27 07:44:50.167	[RPC0]	INFO	stacktrace	src/common/stack_trace.cpp:172	    [13] monero-wallet-rpc(+0x1eea25) [0x561b119fba25] 
2026-09-27 07:44:50.167	[RPC0]	INFO	stacktrace	src/common/stack_trace.cpp:172	    [14] monero-wallet-rpc(+0x1ef579) [0x561b119fc579] 
2026-09-27 07:44:50.167	[RPC0]	INFO	stacktrace	src/common/stack_trace.cpp:172	    [15] monero-wallet-rpc(+0x1979a1) [0x561b119a49a1] 
2026-09-27 07:44:50.167	[RPC0]	INFO	stacktrace	src/common/stack_trace.cpp:172	    [16] monero-wallet-rpc(+0x20f00a) [0x561b11a1c00a] 
2026-09-27 07:44:50.167	[RPC0]	INFO	stacktrace	src/common/stack_trace.cpp:172	    [17]  0x1699f) [0x7f860992099f]:_64-linux-gnu/libboost_thread.so.1.83.0(+0x1699f) [0x7f860992099f]
2026-09-27 07:44:50.167	[RPC0]	INFO	stacktrace	src/common/stack_trace.cpp:172	    [18]  0x9caa4) [0x7f860889caa4]:_64-linux-gnu/libc.so.6(+0x9caa4) [0x7f860889caa4]
2026-09-27 07:44:50.167	[RPC0]	INFO	stacktrace	src/common/stack_trace.cpp:172	    [19]  0x129c6c) [0x7f8608929c6c]:_64-linux-gnu/libc.so.6(+0x129c6c) [0x7f8608929c6c]
2026-09-27 07:44:50.167	[RPC0]	INFO	stacktrace	src/common/stack_trace.cpp:172	
2026-09-27 07:44:50.215	[RPC0]	ERROR	wallet.wallet2	src/wallet/wallet2.cpp:4060	(m_blockchain.size() == stop_height || (m_blockchain.size() == 1 && stop_height == 0) ? false : true). THROW EXCEPTION: error::wallet_internal_error
2026-09-27 07:44:50.215	[RPC0]	INFO	stacktrace	src/common/stack_trace.cpp:133	Exception: tools::error::wallet_internal_error
2026-09-27 07:44:50.215	[RPC0]	INFO	stacktrace	src/common/stack_trace.cpp:134	Unwound call stack:
2026-09-27 07:44:50.215	[RPC0]	INFO	stacktrace	src/common/stack_trace.cpp:172	    [1]  0xad) [0x561b11940775]:__cxa_throw+0xad) [0x561b11940775]
2026-09-27 07:44:50.215	[RPC0]	INFO	stacktrace	src/common/stack_trace.cpp:172	    [2] monero-wallet-rpc(+0x43ffb1) [0x561b11c4cfb1] 
2026-09-27 07:44:50.215	[RPC0]	INFO	stacktrace	src/common/stack_trace.cpp:172	    [3] monero-wallet-rpc(+0x11538d) [0x561b1192238d] 
2026-09-27 07:44:50.215	[RPC0]	INFO	stacktrace	src/common/stack_trace.cpp:172	    [4] monero-wallet-rpc(+0x1ad53e) [0x561b119ba53e] 
2026-09-27 07:44:50.215	[RPC0]	INFO	stacktrace	src/common/stack_trace.cpp:172	    [5] monero-wallet-rpc(+0x2ed36e) [0x561b11afa36e] 
2026-09-27 07:44:50.215	[RPC0]	INFO	stacktrace	src/common/stack_trace.cpp:172	    [6] monero-wallet-rpc(+0x30e7d3) [0x561b11b1b7d3] 
2026-09-27 07:44:50.215	[RPC0]	INFO	stacktrace	src/common/stack_trace.cpp:172	    [7] monero-wallet-rpc(+0x2050a5) [0x561b11a120a5] 
2026-09-27 07:44:50.215	[RPC0]	INFO	stacktrace	src/common/stack_trace.cpp:172	    [8] monero-wallet-rpc(+0x2c2fac) [0x561b11acffac] 
2026-09-27 07:44:50.215	[RPC0]	INFO	stacktrace	src/common/stack_trace.cpp:172	    [9] monero-wallet-rpc(+0x2c36c0) [0x561b11ad06c0] 
2026-09-27 07:44:50.215	[RPC0]	INFO	stacktrace	src/common/stack_trace.cpp:172	    [10] monero-wallet-rpc(+0x2d2f47) [0x561b11adff47] 
2026-09-27 07:44:50.215	[RPC0]	INFO	stacktrace	src/common/stack_trace.cpp:172	    [11] monero-wallet-rpc(+0x2d3092) [0x561b11ae0092] 
2026-09-27 07:44:50.215	[RPC0]	INFO	stacktrace	src/common/stack_trace.cpp:172	    [12] monero-wallet-rpc(+0x1eea25) [0x561b119fba25] 
2026-09-27 07:44:50.215	[RPC0]	INFO	stacktrace	src/common/stack_trace.cpp:172	    [13] monero-wallet-rpc(+0x1ef579) [0x561b119fc579] 
2026-09-27 07:44:50.215	[RPC0]	INFO	stacktrace	src/common/stack_trace.cpp:172	    [14] monero-wallet-rpc(+0x1979a1) [0x561b119a49a1] 
2026-09-27 07:44:50.215	[RPC0]	INFO	stacktrace	src/common/stack_trace.cpp:172	    [15] monero-wallet-rpc(+0x20f00a) [0x561b11a1c00a] 
2026-09-27 07:44:50.215	[RPC0]	INFO	stacktrace	src/common/stack_trace.cpp:172	    [16]  0x1699f) [0x7f860992099f]:_64-linux-gnu/libboost_thread.so.1.83.0(+0x1699f) [0x7f860992099f]
2026-09-27 07:44:50.216	[RPC0]	INFO	stacktrace	src/common/stack_trace.cpp:172	    [17]  0x9caa4) [0x7f860889caa4]:_64-linux-gnu/libc.so.6(+0x9caa4) [0x7f860889caa4]
2026-09-27 07:44:50.216	[RPC0]	INFO	stacktrace	src/common/stack_trace.cpp:172	    [18]  0x129c6c) [0x7f8608929c6c]:_64-linux-gnu/libc.so.6(+0x129c6c) [0x7f8608929c6c]
2026-09-27 07:44:50.216	[RPC0]	INFO	stacktrace	src/common/stack_trace.cpp:172	
2026-09-27 07:44:51.265	[RPC0]	ERROR	wallet.wallet2	src/wallet/wallet2.cpp:3829	Blocks start before blockchain offset: 0 2985000
2026-09-27 07:44:51.267	[RPC0]	ERROR	wallet.wallet2	src/wallet/wallet2.cpp:3130	!m_blockchain.is_in_bounds(current_index). THROW EXCEPTION: error::out_of_hashchain_bounds_error
2026-09-27 07:44:51.267	[RPC0]	INFO	stacktrace	src/common/stack_trace.cpp:133	Exception: tools::error::out_of_hashchain_bounds_error
2026-09-27 07:44:51.267	[RPC0]	INFO	stacktrace	src/common/stack_trace.cpp:134	Unwound call stack:
2026-09-27 07:44:51.267	[RPC0]	INFO	stacktrace	src/common/stack_trace.cpp:172	    [1]  0xad) [0x561b11940775]:__cxa_throw+0xad) [0x561b11940775]
2026-09-27 07:44:51.267	[RPC0]	INFO	stacktrace	src/common/stack_trace.cpp:172	    [2] monero-wallet-rpc(+0x441474) [0x561b11c4e474] 
2026-09-27 07:44:51.267	[RPC0]	INFO	stacktrace	src/common/stack_trace.cpp:172	    [3] monero-wallet-rpc(+0x3ecf29) [0x561b11bf9f29] 
2026-09-27 07:44:51.267	[RPC0]	INFO	stacktrace	src/common/stack_trace.cpp:172	    [4] monero-wallet-rpc(+0x3f0a49) [0x561b11bfda49] 
2026-09-27 07:44:51.267	[RPC0]	INFO	stacktrace	src/common/stack_trace.cpp:172	    [5] monero-wallet-rpc(+0x19901d) [0x561b119a601d] 
2026-09-27 07:44:51.267	[RPC0]	INFO	stacktrace	src/common/stack_trace.cpp:172	    [6] monero-wallet-rpc(+0x1a1432) [0x561b119ae432] 
2026-09-27 07:44:51.267	[RPC0]	INFO	stacktrace	src/common/stack_trace.cpp:172	    [7] monero-wallet-rpc(+0x18d88f) [0x561b1199a88f] 
2026-09-27 07:44:51.267	[RPC0]	INFO	stacktrace	src/common/stack_trace.cpp:172	    [8] monero-wallet-rpc(+0x1ef579) [0x561b119fc579] 
2026-09-27 07:44:51.267	[RPC0]	INFO	stacktrace	src/common/stack_trace.cpp:172	    [9] monero-wallet-rpc(+0x1979a1) [0x561b119a49a1] 
2026-09-27 07:44:51.267	[RPC0]	INFO	stacktrace	src/common/stack_trace.cpp:172	    [10] monero-wallet-rpc(+0x20f00a) [0x561b11a1c00a] 
2026-09-27 07:44:51.267	[RPC0]	INFO	stacktrace	src/common/stack_trace.cpp:172	    [11]  0x1699f) [0x7f860992099f]:_64-linux-gnu/libboost_thread.so.1.83.0(+0x1699f) [0x7f860992099f]
2026-09-27 07:44:51.267	[RPC0]	INFO	stacktrace	src/common/stack_trace.cpp:172	    [12]  0x9caa4) [0x7f860889caa4]:_64-linux-gnu/libc.so.6(+0x9caa4) [0x7f860889caa4]
2026-09-27 07:44:51.268	[RPC0]	INFO	stacktrace	src/common/stack_trace.cpp:172	    [13]  0x129c6c) [0x7f8608929c6c]:_64-linux-gnu/libc.so.6(+0x129c6c) [0x7f8608929c6c]
2026-09-27 07:44:51.268	[RPC0]	INFO	stacktrace	src/common/stack_trace.cpp:172	
2026-09-27 07:44:51.310	[RPC0]	ERROR	wallet.wallet2	src/wallet/wallet2.cpp:4060	(m_blockchain.size() == stop_height || (m_blockchain.size() == 1 && stop_height == 0) ? false : true). THROW EXCEPTION: error::wallet_internal_error
2026-09-27 07:44:51.310	[RPC0]	INFO	stacktrace	src/common/stack_trace.cpp:133	Exception: tools::error::wallet_internal_error
2026-09-27 07:44:51.310	[RPC0]	INFO	stacktrace	src/common/stack_trace.cpp:134	Unwound call stack:
2026-09-27 07:44:51.310	[RPC0]	INFO	stacktrace	src/common/stack_trace.cpp:172	    [1]  0xad) [0x561b11940775]:__cxa_throw+0xad) [0x561b11940775]
2026-09-27 07:44:51.310	[RPC0]	INFO	stacktrace	src/common/stack_trace.cpp:172	    [2] monero-wallet-rpc(+0x43ffb1) [0x561b11c4cfb1] 
2026-09-27 07:44:51.310	[RPC0]	INFO	stacktrace	src/common/stack_trace.cpp:172	    [3] monero-wallet-rpc(+0x11538d) [0x561b1192238d] 
2026-09-27 07:44:51.310	[RPC0]	INFO	stacktrace	src/common/stack_trace.cpp:172	    [4] monero-wallet-rpc(+0x19901d) [0x561b119a601d] 
2026-09-27 07:44:51.310	[RPC0]	INFO	stacktrace	src/common/stack_trace.cpp:172	    [5] monero-wallet-rpc(+0x1a1432) [0x561b119ae432] 
2026-09-27 07:44:51.310	[RPC0]	INFO	stacktrace	src/common/stack_trace.cpp:172	    [6] monero-wallet-rpc(+0x18d88f) [0x561b1199a88f] 
2026-09-27 07:44:51.310	[RPC0]	INFO	stacktrace	src/common/stack_trace.cpp:172	    [7] monero-wallet-rpc(+0x1ef579) [0x561b119fc579] 
2026-09-27 07:44:51.310	[RPC0]	INFO	stacktrace	src/common/stack_trace.cpp:172	    [8] monero-wallet-rpc(+0x1979a1) [0x561b119a49a1] 
2026-09-27 07:44:51.310	[RPC0]	INFO	stacktrace	src/common/stack_trace.cpp:172	    [9] monero-wallet-rpc(+0x20f00a) [0x561b11a1c00a] 
2026-09-27 07:44:51.310	[RPC0]	INFO	stacktrace	src/common/stack_trace.cpp:172	    [10]  0x1699f) [0x7f860992099f]:_64-linux-gnu/libboost_thread.so.1.83.0(+0x1699f) [0x7f860992099f]
2026-09-27 07:44:51.310	[RPC0]	INFO	stacktrace	src/common/stack_trace.cpp:172	    [11]  0x9caa4) [0x7f860889caa4]:_64-linux-gnu/libc.so.6(+0x9caa4) [0x7f860889caa4]
2026-09-27 07:44:51.310	[RPC0]	INFO	stacktrace	src/common/stack_trace.cpp:172	    [12]  0x129c6c) [0x7f8608929c6c]:_64-linux-gnu/libc.so.6(+0x129c6c) [0x7f8608929c6c]
2026-09-27 07:44:51.310	[RPC0]	INFO	stacktrace	src/common/stack_trace.cpp:172	
2026-09-27 07:44:52.266	[RPC0]	ERROR	wallet.wallet2	src/wallet/wallet2.cpp:3829	Blocks start before blockchain offset: 0 2985000
2026-09-27 07:44:52.269	[RPC0]	ERROR	wallet.wallet2	src/wallet/wallet2.cpp:3130	!m_blockchain.is_in_bounds(current_index). THROW EXCEPTION: error::out_of_hashchain_bounds_error
2026-09-27 07:44:52.269	[RPC0]	INFO	stacktrace	src/common/stack_trace.cpp:133	Exception: tools::error::out_of_hashchain_bounds_error
2026-09-27 07:44:52.269	[RPC0]	INFO	stacktrace	src/common/stack_trace.cpp:134	Unwound call stack:
2026-09-27 07:44:52.269	[RPC0]	INFO	stacktrace	src/common/stack_trace.cpp:172	    [1]  0xad) [0x561b11940775]:__cxa_throw+0xad) [0x561b11940775]
2026-09-27 07:44:52.269	[RPC0]	INFO	stacktrace	src/common/stack_trace.cpp:172	    [2] monero-wallet-rpc(+0x441474) [0x561b11c4e474] 
2026-09-27 07:44:52.269	[RPC0]	INFO	stacktrace	src/common/stack_trace.cpp:172	    [3] monero-wallet-rpc(+0x3ecf29) [0x561b11bf9f29] 
2026-09-27 07:44:52.269	[RPC0]	INFO	stacktrace	src/common/stack_trace.cpp:172	    [4] monero-wallet-rpc(+0x3f0a49) [0x561b11bfda49] 
2026-09-27 07:44:52.269	[RPC0]	INFO	stacktrace	src/common/stack_trace.cpp:172	    [5] monero-wallet-rpc(+0x1ad53e) [0x561b119ba53e] 
2026-09-27 07:44:52.269	[RPC0]	INFO	stacktrace	src/common/stack_trace.cpp:172	    [6] monero-wallet-rpc(+0x2ed36e) [0x561b11afa36e] 
2026-09-27 07:44:52.269	[RPC0]	INFO	stacktrace	src/common/stack_trace.cpp:172	    [7] monero-wallet-rpc(+0x30e7d3) [0x561b11b1b7d3] 
2026-09-27 07:44:52.269	[RPC0]	INFO	stacktrace	src/common/stack_trace.cpp:172	    [8] monero-wallet-rpc(+0x2050a5) [0x561b11a120a5] 
2026-09-27 07:44:52.269	[RPC0]	INFO	stacktrace	src/common/stack_trace.cpp:172	    [9] monero-wallet-rpc(+0x2c2fac) [0x561b11acffac] 
2026-09-27 07:44:52.269	[RPC0]	INFO	stacktrace	src/common/stack_trace.cpp:172	    [10] monero-wallet-rpc(+0x2c36c0) [0x561b11ad06c0] 
2026-09-27 07:44:52.269	[RPC0]	INFO	stacktrace	src/common/stack_trace.cpp:172	    [11] monero-wallet-rpc(+0x2d2f47) [0x561b11adff47] 
2026-09-27 07:44:52.269	[RPC0]	INFO	stacktrace	src/common/stack_trace.cpp:172	    [12] monero-wallet-rpc(+0x2d3092) [0x561b11ae0092] 
2026-09-27 07:44:52.269	[RPC0]	INFO	stacktrace	src/common/stack_trace.cpp:172	    [13] monero-wallet-rpc(+0x1eea25) [0x561b119fba25] 
2026-09-27 07:44:52.269	[RPC0]	INFO	stacktrace	src/common/stack_trace.cpp:172	    [14] monero-wallet-rpc(+0x1ef579) [0x561b119fc579] 
2026-09-27 07:44:52.269	[RPC0]	INFO	stacktrace	src/common/stack_trace.cpp:172	    [15] monero-wallet-rpc(+0x1979a1) [0x561b119a49a1] 
2026-09-27 07:44:52.269	[RPC0]	INFO	stacktrace	src/common/stack_trace.cpp:172	    [16] monero-wallet-rpc(+0x20f00a) [0x561b11a1c00a] 
2026-09-27 07:44:52.269	[RPC0]	INFO	stacktrace	src/common/stack_trace.cpp:172	    [17]  0x1699f) [0x7f860992099f]:_64-linux-gnu/libboost_thread.so.1.83.0(+0x1699f) [0x7f860992099f]
2026-09-27 07:44:52.269	[RPC0]	INFO	stacktrace	src/common/stack_trace.cpp:172	    [18]  0x9caa4) [0x7f860889caa4]:_64-linux-gnu/libc.so.6(+0x9caa4) [0x7f860889caa4]
2026-09-27 07:44:52.269	[RPC0]	INFO	stacktrace	src/common/stack_trace.cpp:172	    [19]  0x129c6c) [0x7f8608929c6c]:_64-linux-gnu/libc.so.6(+0x129c6c) [0x7f8608929c6c]
2026-09-27 07:44:52.269	[RPC0]	INFO	stacktrace	src/common/stack_trace.cpp:172	
2026-09-27 07:44:52.308	[RPC0]	ERROR	wallet.wallet2	src/wallet/wallet2.cpp:4060	(m_blockchain.size() == stop_height || (m_blockchain.size() == 1 && stop_height == 0) ? false : true). THROW EXCEPTION: error::wallet_internal_error
2026-09-27 07:44:52.308	[RPC0]	INFO	stacktrace	src/common/stack_trace.cpp:133	Exception: tools::error::wallet_internal_error
2026-09-27 07:44:52.308	[RPC0]	INFO	stacktrace	src/common/stack_trace.cpp:134	Unwound call stack:
2026-09-27 07:44:52.308	[RPC0]	INFO	stacktrace	src/common/stack_trace.cpp:172	    [1]  0xad) [0x561b11940775]:__cxa_throw+0xad) [0x561b11940775]
2026-09-27 07:44:52.308	[RPC0]	INFO	stacktrace	src/common/stack_trace.cpp:172	    [2] monero-wallet-rpc(+0x43ffb1) [0x561b11c4cfb1] 
2026-09-27 07:44:52.308	[RPC0]	INFO	stacktrace	src/common/stack_trace.cpp:172	    [3] monero-wallet-rpc(+0x11538d) [0x561b1192238d] 
2026-09-27 07:44:52.308	[RPC0]	INFO	stacktrace	src/common/stack_trace.cpp:172	    [4] monero-wallet-rpc(+0x1ad53e) [0x561b119ba53e] 
2026-09-27 07:44:52.308	[RPC0]	INFO	stacktrace	src/common/stack_trace.cpp:172	    [5] monero-wallet-rpc(+0x2ed36e) [0x561b11afa36e] 
2026-09-27 07:44:52.308	[RPC0]	INFO	stacktrace	src/common/stack_trace.cpp:172	    [6] monero-wallet-rpc(+0x30e7d3) [0x561b11b1b7d3] 
2026-09-27 07:44:52.308	[RPC0]	INFO	stacktrace	src/common/stack_trace.cpp:172	    [7] monero-wallet-rpc(+0x2050a5) [0x561b11a120a5] 
2026-09-27 07:44:52.308	[RPC0]	INFO	stacktrace	src/common/stack_trace.cpp:172	    [8] monero-wallet-rpc(+0x2c2fac) [0x561b11acffac] 
2026-09-27 07:44:52.308	[RPC0]	INFO	stacktrace	src/common/stack_trace.cpp:172	    [9] monero-wallet-rpc(+0x2c36c0) [0x561b11ad06c0] 
2026-09-27 07:44:52.308	[RPC0]	INFO	stacktrace	src/common/stack_trace.cpp:172	    [10] monero-wallet-rpc(+0x2d2f47) [0x561b11adff47] 
2026-09-27 07:44:52.309	[RPC0]	INFO	stacktrace	src/common/stack_trace.cpp:172	    [11] monero-wallet-rpc(+0x2d3092) [0x561b11ae0092] 
2026-09-27 07:44:52.309	[RPC0]	INFO	stacktrace	src/common/stack_trace.cpp:172	    [12] monero-wallet-rpc(+0x1eea25) [0x561b119fba25] 
2026-09-27 07:44:52.309	[RPC0]	INFO	stacktrace	src/common/stack_trace.cpp:172	    [13] monero-wallet-rpc(+0x1ef579) [0x561b119fc579] 
2026-09-27 07:44:52.309	[RPC0]	INFO	stacktrace	src/common/stack_trace.cpp:172	    [14] monero-wallet-rpc(+0x1979a1) [0x561b119a49a1] 
2026-09-27 07:44:52.309	[RPC0]	INFO	stacktrace	src/common/stack_trace.cpp:172	    [15] monero-wallet-rpc(+0x20f00a) [0x561b11a1c00a] 
2026-09-27 07:44:52.309	[RPC0]	INFO	stacktrace	src/common/stack_trace.cpp:172	    [16]  0x1699f) [0x7f860992099f]:_64-linux-gnu/libboost_thread.so.1.83.0(+0x1699f) [0x7f860992099f]
2026-09-27 07:44:52.309	[RPC0]	INFO	stacktrace	src/common/stack_trace.cpp:172	    [17]  0x9caa4) [0x7f860889caa4]:_64-linux-gnu/libc.so.6(+0x9caa4) [0x7f860889caa4]
2026-09-27 07:44:52.309	[RPC0]	INFO	stacktrace	src/common/stack_trace.cpp:172	    [18]  0x129c6c) [0x7f8608929c6c]:_64-linux-gnu/libc.so.6(+0x129c6c) [0x7f8608929c6c]
2026-09-27 07:44:52.309	[RPC0]	INFO	stacktrace	src/common/stack_trace.cpp:172	
2026-09-27 07:44:52.348	[RPC0]	WARNING	wallet.wallet2	src/wallet/wallet2.cpp:8158	Requested ring size 1 too low, using 16
2026-09-27 07:44:52.351	[RPC0]	ERROR	wallet.wallet2	src/wallet/wallet2.cpp:10622	needed_money + min_fee > balance_subtotal. THROW EXCEPTION: error::not_enough_money
2026-09-27 07:44:52.351	[RPC0]	INFO	stacktrace	src/common/stack_trace.cpp:133	Exception: tools::error::not_enough_money
2026-09-27 07:44:52.351	[RPC0]	INFO	stacktrace	src/common/stack_trace.cpp:134	Unwound call stack:
2026-09-27 07:44:52.351	[RPC0]	INFO	stacktrace	src/common/stack_trace.cpp:172	    [1]  0xad) [0x561b11940775]:__cxa_throw+0xad) [0x561b11940775]
2026-09-27 07:44:52.351	[RPC0]	INFO	stacktrace	src/common/stack_trace.cpp:172	    [2] monero-wallet-rpc(+0x10160b) [0x561b1190e60b] 
2026-09-27 07:44:52.351	[RPC0]	INFO	stacktrace	src/common/stack_trace.cpp:172	    [3] monero-wallet-rpc(+0x400243) [0x561b11c0d243] 
2026-09-27 07:44:52.351	[RPC0]	INFO	stacktrace	src/common/stack_trace.cpp:172	    [4] monero-wallet-rpc(+0x1b96ae) [0x561b119c66ae] 
2026-09-27 07:44:52.352	[RPC0]	INFO	stacktrace	src/common/stack_trace.cpp:172	    [5] monero-wallet-rpc(+0x2f873b) [0x561b11b0573b] 
2026-09-27 07:44:52.352	[RPC0]	INFO	stacktrace	src/common/stack_trace.cpp:172	    [6] monero-wallet-rpc(+0x30e7d3) [0x561b11b1b7d3] 
2026-09-27 07:44:52.352	[RPC0]	INFO	stacktrace	src/common/stack_trace.cpp:172	    [7] monero-wallet-rpc(+0x2050a5) [0x561b11a120a5] 
2026-09-27 07:44:52.352	[RPC0]	INFO	stacktrace	src/common/stack_trace.cpp:172	    [8] monero-wallet-rpc(+0x2c2fac) [0x561b11acffac] 
2026-09-27 07:44:52.352	[RPC0]	INFO	stacktrace	src/common/stack_trace.cpp:172	    [9] monero-wallet-rpc(+0x2c36c0) [0x561b11ad06c0] 
2026-09-27 07:44:52.352	[RPC0]	INFO	stacktrace	src/common/stack_trace.cpp:172	    [10] monero-wallet-rpc(+0x2d2f47) [0x561b11adff47] 
2026-09-27 07:44:52.352	[RPC0]	INFO	stacktrace	src/common/stack_trace.cpp:172	    [11] monero-wallet-rpc(+0x2d3092) [0x561b11ae0092] 
2026-09-27 07:44:52.352	[RPC0]	INFO	stacktrace	src/common/stack_trace.cpp:172	    [12] monero-wallet-rpc(+0x1eea25) [0x561b119fba25] 
2026-09-27 07:44:52.352	[RPC0]	INFO	stacktrace	src/common/stack_trace.cpp:172	    [13] monero-wallet-rpc(+0x1ef579) [0x561b119fc579] 
2026-09-27 07:44:52.352	[RPC0]	INFO	stacktrace	src/common/stack_trace.cpp:172	    [14] monero-wallet-rpc(+0x1979a1) [0x561b119a49a1] 
2026-09-27 07:44:52.352	[RPC0]	INFO	stacktrace	src/common/stack_trace.cpp:172	    [15] monero-wallet-rpc(+0x20f00a) [0x561b11a1c00a] 
2026-09-27 07:44:52.352	[RPC0]	INFO	stacktrace	src/common/stack_trace.cpp:172	    [16]  0x1699f) [0x7f860992099f]:_64-linux-gnu/libboost_thread.so.1.83.0(+0x1699f) [0x7f860992099f]
2026-09-27 07:44:52.352	[RPC0]	INFO	stacktrace	src/common/stack_trace.cpp:172	    [17]  0x9caa4) [0x7f860889caa4]:_64-linux-gnu/libc.so.6(+0x9caa4) [0x7f860889caa4]
2026-09-27 07:44:52.352	[RPC0]	INFO	stacktrace	src/common/stack_trace.cpp:172	    [18]  0x129c6c) [0x7f8608929c6c]:_64-linux-gnu/libc.so.6(+0x129c6c) [0x7f8608929c6c]
2026-09-27 07:44:52.352	[RPC0]	INFO	stacktrace	src/common/stack_trace.cpp:172	
2026-09-27 07:45:03.069	[RPC0]	ERROR	wallet.wallet2	src/wallet/wallet2.cpp:3829	Blocks start before blockchain offset: 0 2985000
2026-09-27 07:45:03.071	[RPC0]	ERROR	wallet.wallet2	src/wallet/wallet2.cpp:3130	!m_blockchain.is_in_bounds(current_index). THROW EXCEPTION: error::out_of_hashchain_bounds_error
2026-09-27 07:45:03.071	[RPC0]	INFO	stacktrace	src/common/stack_trace.cpp:133	Exception: tools::error::out_of_hashchain_bounds_error
2026-09-27 07:45:03.071	[RPC0]	INFO	stacktrace	src/common/stack_trace.cpp:134	Unwound call stack:
2026-09-27 07:45:03.071	[RPC0]	INFO	stacktrace	src/common/stack_trace.cpp:172	    [1]  0xad) [0x561b11940775]:__cxa_throw+0xad) [0x561b11940775]
2026-09-27 07:45:03.071	[RPC0]	INFO	stacktrace	src/common/stack_trace.cpp:172	    [2] monero-wallet-rpc(+0x441474) [0x561b11c4e474] 
2026-09-27 07:45:03.071	[RPC0]	INFO	stacktrace	src/common/stack_trace.cpp:172	    [3] monero-wallet-rpc(+0x3ecf29) [0x561b11bf9f29] 
2026-09-27 07:45:03.071	[RPC0]	INFO	stacktrace	src/common/stack_trace.cpp:172	    [4] monero-wallet-rpc(+0x3f0a49) [0x561b11bfda49] 
2026-09-27 07:45:03.071	[RPC0]	INFO	stacktrace	src/common/stack_trace.cpp:172	    [5] monero-wallet-rpc(+0x1ad53e) [0x561b119ba53e] 
2026-09-27 07:45:03.072	[RPC0]	INFO	stacktrace	src/common/stack_trace.cpp:172	    [6] monero-wallet-rpc(+0x2ed36e) [0x561b11afa36e] 
2026-09-27 07:45:03.072	[RPC0]	INFO	stacktrace	src/common/stack_trace.cpp:172	    [7] monero-wallet-rpc(+0x30e7d3) [0x561b11b1b7d3] 
2026-09-27 07:45:03.072	[RPC0]	INFO	stacktrace	src/common/stack_trace.cpp:172	    [8] monero-wallet-rpc(+0x2050a5) [0x561b11a120a5] 
2026-09-27 07:45:03.072	[RPC0]	INFO	stacktrace	src/common/stack_trace.cpp:172	    [9] monero-wallet-rpc(+0x2c2fac) [0x561b11acffac] 
2026-09-27 07:45:03.072	[RPC0]	INFO	stacktrace	src/common/stack_trace.cpp:172	    [10] monero-wallet-rpc(+0x2c36c0) [0x561b11ad06c0] 
2026-09-27 07:45:03.072	[RPC0]	INFO	stacktrace	src/common/stack_trace.cpp:172	    [11] monero-wallet-rpc(+0x2d2f47) [0x561b11adff47] 
2026-09-27 07:45:03.072	[RPC0]	INFO	stacktrace	src/common/stack_trace.cpp:172	    [12] monero-wallet-rpc(+0x2d3092) [0x561b11ae0092] 
2026-09-27 07:45:03.072	[RPC0]	INFO	stacktrace	src/common/stack_trace.cpp:172	    [13] monero-wallet-rpc(+0x1eea25) [0x561b119fba25] 
2026-09-27 07:45:03.072	[RPC0]	INFO	stacktrace	src/common/stack_trace.cpp:172	    [14] monero-wallet-rpc(+0x1ef579) [0x561b119fc579] 
2026-09-27 07:45:03.072	[RPC0]	INFO	stacktrace	src/common/stack_trace.cpp:172	    [15] monero-wallet-rpc(+0x1979a1) [0x561b119a49a1] 
2026-09-27 07:45:03.072	[RPC0]	INFO	stacktrace	src/common/stack_trace.cpp:172	    [16] monero-wallet-rpc(+0x20f00a) [0x561b11a1c00a] 
2026-09-27 07:45:03.072	[RPC0]	INFO	stacktrace	src/common/stack_trace.cpp:172	    [17]  0x1699f) [0x7f860992099f]:_64-linux-gnu/libboost_thread.so.1.83.0(+0x1699f) [0x7f860992099f]
2026-09-27 07:45:03.072	[RPC0]	INFO	stacktrace	src/common/stack_trace.cpp:172	    [18]  0x9caa4) [0x7f860889caa4]:_64-linux-gnu/libc.so.6(+0x9caa4) [0x7f860889caa4]
2026-09-27 07:45:03.072	[RPC0]	INFO	stacktrace	src/common/stack_trace.cpp:172	    [19]  0x129c6c) [0x7f8608929c6c]:_64-linux-gnu/libc.so.6(+0x129c6c) [0x7f8608929c6c]
2026-09-27 07:45:03.072	[RPC0]	INFO	stacktrace	src/common/stack_trace.cpp:172	
2026-09-27 07:45:03.111	[RPC0]	ERROR	wallet.wallet2	src/wallet/wallet2.cpp:4060	(m_blockchain.size() == stop_height || (m_blockchain.size() == 1 && stop_height == 0) ? false : true). THROW EXCEPTION: error::wallet_internal_error
2026-09-27 07:45:03.111	[RPC0]	INFO	stacktrace	src/common/stack_trace.cpp:133	Exception: tools::error::wallet_internal_error
2026-09-27 07:45:03.111	[RPC0]	INFO	stacktrace	src/common/stack_trace.cpp:134	Unwound call stack:
2026-09-27 07:45:03.111	[RPC0]	INFO	stacktrace	src/common/stack_trace.cpp:172	    [1]  0xad) [0x561b11940775]:__cxa_throw+0xad) [0x561b11940775]
2026-09-27 07:45:03.111	[RPC0]	INFO	stacktrace	src/common/stack_trace.cpp:172	    [2] monero-wallet-rpc(+0x43ffb1) [0x561b11c4cfb1] 
2026-09-27 07:45:03.111	[RPC0]	INFO	stacktrace	src/common/stack_trace.cpp:172	    [3] monero-wallet-rpc(+0x11538d) [0x561b1192238d] 
2026-09-27 07:45:03.111	[RPC0]	INFO	stacktrace	src/common/stack_trace.cpp:172	    [4] monero-wallet-rpc(+0x1ad53e) [0x561b119ba53e] 
2026-09-27 07:45:03.111	[RPC0]	INFO	stacktrace	src/common/stack_trace.cpp:172	    [5] monero-wallet-rpc(+0x2ed36e) [0x561b11afa36e] 
2026-09-27 07:45:03.111	[RPC0]	INFO	stacktrace	src/common/stack_trace.cpp:172	    [6] monero-wallet-rpc(+0x30e7d3) [0x561b11b1b7d3] 
2026-09-27 07:45:03.111	[RPC0]	INFO	stacktrace	src/common/stack_trace.cpp:172	    [7] monero-wallet-rpc(+0x2050a5) [0x561b11a120a5] 
2026-09-27 07:45:03.111	[RPC0]	INFO	stacktrace	src/common/stack_trace.cpp:172	    [8] monero-wallet-rpc(+0x2c2fac) [0x561b11acffac] 
2026-09-27 07:45:03.111	[RPC0]	INFO	stacktrace	src/common/stack_trace.cpp:172	    [9] monero-wallet-rpc(+0x2c36c0) [0x561b11ad06c0] 
2026-09-27 07:45:03.111	[RPC0]	INFO	stacktrace	src/common/stack_trace.cpp:172	    [10] monero-wallet-rpc(+0x2d2f47) [0x561b11adff47] 
2026-09-27 07:45:03.111	[RPC0]	INFO	stacktrace	src/common/stack_trace.cpp:172	    [11] monero-wallet-rpc(+0x2d3092) [0x561b11ae0092] 
2026-09-27 07:45:03.111	[RPC0]	INFO	stacktrace	src/common/stack_trace.cpp:172	    [12] monero-wallet-rpc(+0x1eea25) [0x561b119fba25] 
2026-09-27 07:45:03.112	[RPC0]	INFO	stacktrace	src/common/stack_trace.cpp:172	    [13] monero-wallet-rpc(+0x1ef579) [0x561b119fc579] 
2026-09-27 07:45:03.112	[RPC0]	INFO	stacktrace	src/common/stack_trace.cpp:172	    [14] monero-wallet-rpc(+0x1979a1) [0x561b119a49a1] 
2026-09-27 07:45:03.112	[RPC0]	INFO	stacktrace	src/common/stack_trace.cpp:172	    [15] monero-wallet-rpc(+0x20f00a) [0x561b11a1c00a] 
2026-09-27 07:45:03.112	[RPC0]	INFO	stacktrace	src/common/stack_trace.cpp:172	    [16]  0x1699f) [0x7f860992099f]:_64-linux-gnu/libboost_thread.so.1.83.0(+0x1699f) [0x7f860992099f]
2026-09-27 07:45:03.112	[RPC0]	INFO	stacktrace	src/common/stack_trace.cpp:172	    [17]  0x9caa4) [0x7f860889caa4]:_64-linux-gnu/libc.so.6(+0x9caa4) [0x7f860889caa4]
2026-09-27 07:45:03.112	[RPC0]	INFO	stacktrace	src/common/stack_trace.cpp:172	    [18]  0x129c6c) [0x7f8608929c6c]:_64-linux-gnu/libc.so.6(+0x129c6c) [0x7f8608929c6c]
2026-09-27 07:45:03.112	[RPC0]	INFO	stacktrace	src/common/stack_trace.cpp:172	
2026-09-27 07:45:11.356	[RPC0]	ERROR	wallet.wallet2	src/wallet/wallet2.cpp:3829	Blocks start before blockchain offset: 0 2985000
2026-09-27 07:45:11.359	[RPC0]	ERROR	wallet.wallet2	src/wallet/wallet2.cpp:3130	!m_blockchain.is_in_bounds(current_index). THROW EXCEPTION: error::out_of_hashchain_bounds_error
2026-09-27 07:45:11.359	[RPC0]	INFO	stacktrace	src/common/stack_trace.cpp:133	Exception: tools::error::out_of_hashchain_bounds_error
2026-09-27 07:45:11.359	[RPC0]	INFO	stacktrace	src/common/stack_trace.cpp:134	Unwound call stack:
2026-09-27 07:45:11.359	[RPC0]	INFO	stacktrace	src/common/stack_trace.cpp:172	    [1]  0xad) [0x561b11940775]:__cxa_throw+0xad) [0x561b11940775]
2026-09-27 07:45:11.359	[RPC0]	INFO	stacktrace	src/common/stack_trace.cpp:172	    [2] monero-wallet-rpc(+0x441474) [0x561b11c4e474] 
2026-09-27 07:45:11.359	[RPC0]	INFO	stacktrace	src/common/stack_trace.cpp:172	    [3] monero-wallet-rpc(+0x3ecf29) [0x561b11bf9f29] 
2026-09-27 07:45:11.359	[RPC0]	INFO	stacktrace	src/common/stack_trace.cpp:172	    [4] monero-wallet-rpc(+0x3f0a49) [0x561b11bfda49] 
2026-09-27 07:45:11.359	[RPC0]	INFO	stacktrace	src/common/stack_trace.cpp:172	    [5] monero-wallet-rpc(+0x3f14c6) [0x561b11bfe4c6] 
2026-09-27 07:45:11.359	[RPC0]	INFO	stacktrace	src/common/stack_trace.cpp:172	    [6] monero-wallet-rpc(+0x3f1512) [0x561b11bfe512] 
2026-09-27 07:45:11.359	[RPC0]	INFO	stacktrace	src/common/stack_trace.cpp:172	    [7] monero-wallet-rpc(+0x3f2712) [0x561b11bff712] 
2026-09-27 07:45:11.359	[RPC0]	INFO	stacktrace	src/common/stack_trace.cpp:172	    [8] monero-wallet-rpc(+0x1ac7da) [0x561b119b97da] 
2026-09-27 07:45:11.359	[RPC0]	INFO	stacktrace	src/common/stack_trace.cpp:172	    [9] monero-wallet-rpc(+0x2f5bf8) [0x561b11b02bf8] 
2026-09-27 07:45:11.359	[RPC0]	INFO	stacktrace	src/common/stack_trace.cpp:172	    [10] monero-wallet-rpc(+0x30e7d3) [0x561b11b1b7d3] 
2026-09-27 07:45:11.359	[RPC0]	INFO	stacktrace	src/common/stack_trace.cpp:172	    [11] monero-wallet-rpc(+0x2050a5) [0x561b11a120a5] 
2026-09-27 07:45:11.359	[RPC0]	INFO	stacktrace	src/common/stack_trace.cpp:172	    [12] monero-wallet-rpc(+0x2c2fac) [0x561b11acffac] 
2026-09-27 07:45:11.359	[RPC0]	INFO	stacktrace	src/common/stack_trace.cpp:172	    [13] monero-wallet-rpc(+0x2c36c0) [0x561b11ad06c0] 
2026-09-27 07:45:11.359	[RPC0]	INFO	stacktrace	src/common/stack_trace.cpp:172	    [14] monero-wallet-rpc(+0x2d2f47) [0x561b11adff47] 
2026-09-27 07:45:11.359	[RPC0]	INFO	stacktrace	src/common/stack_trace.cpp:172	    [15] monero-wallet-rpc(+0x2d3092) [0x561b11ae0092] 
2026-09-27 07:45:11.359	[RPC0]	INFO	stacktrace	src/common/stack_trace.cpp:172	    [16] monero-wallet-rpc(+0x1eea25) [0x561b119fba25] 
2026-09-27 07:45:11.359	[RPC0]	INFO	stacktrace	src/common/stack_trace.cpp:172	    [17] monero-wallet-rpc(+0x1ef579) [0x561b119fc579] 
2026-09-27 07:45:11.359	[RPC0]	INFO	stacktrace	src/common/stack_trace.cpp:172	    [18] monero-wallet-rpc(+0x1979a1) [0x561b119a49a1] 
2026-09-27 07:45:11.359	[RPC0]	INFO	stacktrace	src/common/stack_trace.cpp:172	    [19] monero-wallet-rpc(+0x20f00a) [0x561b11a1c00a] 
2026-09-27 07:45:11.359	[RPC0]	INFO	stacktrace	src/common/stack_trace.cpp:172	    [20]  0x1699f) [0x7f860992099f]:_64-linux-gnu/libboost_thread.so.1.83.0(+0x1699f) [0x7f860992099f]
2026-09-27 07:45:11.359	[RPC0]	INFO	stacktrace	src/common/stack_trace.cpp:172	    [21]  0x9caa4) [0x7f860889caa4]:_64-linux-gnu/libc.so.6(+0x9caa4) [0x7f860889caa4]
2026-09-27 07:45:11.359	[RPC0]	INFO	stacktrace	src/common/stack_trace.cpp:172	    [22]  0x129c6c) [0x7f8608929c6c]:_64-linux-gnu/libc.so.6(+0x129c6c) [0x7f8608929c6c]
2026-09-27 07:45:11.359	[RPC0]	INFO	stacktrace	src/common/stack_trace.cpp:172	
2026-09-27 07:45:11.403	[RPC0]	ERROR	wallet.wallet2	src/wallet/wallet2.cpp:4060	(m_blockchain.size() == stop_height || (m_blockchain.size() == 1 && stop_height == 0) ? false : true). THROW EXCEPTION: error::wallet_internal_error
2026-09-27 07:45:11.403	[RPC0]	INFO	stacktrace	src/common/stack_trace.cpp:133	Exception: tools::error::wallet_internal_error
2026-09-27 07:45:11.403	[RPC0]	INFO	stacktrace	src/common/stack_trace.cpp:134	Unwound call stack:
2026-09-27 07:45:11.403	[RPC0]	INFO	stacktrace	src/common/stack_trace.cpp:172	    [1]  0xad) [0x561b11940775]:__cxa_throw+0xad) [0x561b11940775]
2026-09-27 07:45:11.403	[RPC0]	INFO	stacktrace	src/common/stack_trace.cpp:172	    [2] monero-wallet-rpc(+0x43ffb1) [0x561b11c4cfb1] 
2026-09-27 07:45:11.403	[RPC0]	INFO	stacktrace	src/common/stack_trace.cpp:172	    [3] monero-wallet-rpc(+0x11538d) [0x561b1192238d] 
2026-09-27 07:45:11.403	[RPC0]	INFO	stacktrace	src/common/stack_trace.cpp:172	    [4] monero-wallet-rpc(+0x3f14c6) [0x561b11bfe4c6] 
2026-09-27 07:45:11.403	[RPC0]	INFO	stacktrace	src/common/stack_trace.cpp:172	    [5] monero-wallet-rpc(+0x3f1512) [0x561b11bfe512] 
2026-09-27 07:45:11.403	[RPC0]	INFO	stacktrace	src/common/stack_trace.cpp:172	    [6] monero-wallet-rpc(+0x3f2712) [0x561b11bff712] 
2026-09-27 07:45:11.403	[RPC0]	INFO	stacktrace	src/common/stack_trace.cpp:172	    [7] monero-wallet-rpc(+0x1ac7da) [0x561b119b97da] 
2026-09-27 07:45:11.403	[RPC0]	INFO	stacktrace	src/common/stack_trace.cpp:172	    [8] monero-wallet-rpc(+0x2f5bf8) [0x561b11b02bf8] 
2026-09-27 07:45:11.403	[RPC0]	INFO	stacktrace	src/common/stack_trace.cpp:172	    [9] monero-wallet-rpc(+0x30e7d3) [0x561b11b1b7d3] 
2026-09-27 07:45:11.403	[RPC0]	INFO	stacktrace	src/common/stack_trace.cpp:172	    [10] monero-wallet-rpc(+0x2050a5) [0x561b11a120a5] 
2026-09-27 07:45:11.403	[RPC0]	INFO	stacktrace	src/common/stack_trace.cpp:172	    [11] monero-wallet-rpc(+0x2c2fac) [0x561b11acffac] 
2026-09-27 07:45:11.403	[RPC0]	INFO	stacktrace	src/common/stack_trace.cpp:172	    [12] monero-wallet-rpc(+0x2c36c0) [0x561b11ad06c0] 
2026-09-27 07:45:11.403	[RPC0]	INFO	stacktrace	src/common/stack_trace.cpp:172	    [13] monero-wallet-rpc(+0x2d2f47) [0x561b11adff47] 
2026-09-27 07:45:11.403	[RPC0]	INFO	stacktrace	src/common/stack_trace.cpp:172	    [14] monero-wallet-rpc(+0x2d3092) [0x561b11ae0092] 
2026-09-27 07:45:11.403	[RPC0]	INFO	stacktrace	src/common/stack_trace.cpp:172	    [15] monero-wallet-rpc(+0x1eea25) [0x561b119fba25] 
2026-09-27 07:45:11.403	[RPC0]	INFO	stacktrace	src/common/stack_trace.cpp:172	    [16] monero-wallet-rpc(+0x1ef579) [0x561b119fc579] 
2026-09-27 07:45:11.403	[RPC0]	INFO	stacktrace	src/common/stack_trace.cpp:172	    [17] monero-wallet-rpc(+0x1979a1) [0x561b119a49a1] 
2026-09-27 07:45:11.403	[RPC0]	INFO	stacktrace	src/common/stack_trace.cpp:172	    [18] monero-wallet-rpc(+0x20f00a) [0x561b11a1c00a] 
2026-09-27 07:45:11.403	[RPC0]	INFO	stacktrace	src/common/stack_trace.cpp:172	    [19]  0x1699f) [0x7f860992099f]:_64-linux-gnu/libboost_thread.so.1.83.0(+0x1699f) [0x7f860992099f]
2026-09-27 07:45:11.403	[RPC0]	INFO	stacktrace	src/common/stack_trace.cpp:172	    [20]  0x9caa4) [0x7f860889caa4]:_64-linux-gnu/libc.so.6(+0x9caa4) [0x7f860889caa4]
2026-09-27 07:45:11.403	[RPC0]	INFO	stacktrace	src/common/stack_trace.cpp:172	    [21]  0x129c6c) [0x7f8608929c6c]:_64-linux-gnu/libc.so.6(+0x129c6c) [0x7f8608929c6c]
2026-09-27 07:45:11.403	[RPC0]	INFO	stacktrace	src/common/stack_trace.cpp:172	
2026-09-27 07:45:11.439	[RPC0]	ERROR	wallet.wallet2	src/wallet/wallet2.cpp:3829	Blocks start before blockchain offset: 0 2985000
2026-09-27 07:45:11.442	[RPC0]	ERROR	wallet.wallet2	src/wallet/wallet2.cpp:3130	!m_blockchain.is_in_bounds(current_index). THROW EXCEPTION: error::out_of_hashchain_bounds_error
2026-09-27 07:45:11.442	[RPC0]	INFO	stacktrace	src/common/stack_trace.cpp:133	Exception: tools::error::out_of_hashchain_bounds_error
2026-09-27 07:45:11.442	[RPC0]	INFO	stacktrace	src/common/stack_trace.cpp:134	Unwound call stack:
2026-09-27 07:45:11.442	[RPC0]	INFO	stacktrace	src/common/stack_trace.cpp:172	    [1]  0xad) [0x561b11940775]:__cxa_throw+0xad) [0x561b11940775]
2026-09-27 07:45:11.442	[RPC0]	INFO	stacktrace	src/common/stack_trace.cpp:172	    [2] monero-wallet-rpc(+0x441474) [0x561b11c4e474] 
2026-09-27 07:45:11.442	[RPC0]	INFO	stacktrace	src/common/stack_trace.cpp:172	    [3] monero-wallet-rpc(+0x3ecf29) [0x561b11bf9f29] 
2026-09-27 07:45:11.442	[RPC0]	INFO	stacktrace	src/common/stack_trace.cpp:172	    [4] monero-wallet-rpc(+0x3f0a49) [0x561b11bfda49] 
2026-09-27 07:45:11.442	[RPC0]	INFO	stacktrace	src/common/stack_trace.cpp:172	    [5] monero-wallet-rpc(+0x19901d) [0x561b119a601d] 
2026-09-27 07:45:11.442	[RPC0]	INFO	stacktrace	src/common/stack_trace.cpp:172	    [6] monero-wallet-rpc(+0x1a1432) [0x561b119ae432] 
2026-09-27 07:45:11.442	[RPC0]	INFO	stacktrace	src/common/stack_trace.cpp:172	    [7] monero-wallet-rpc(+0x18d88f) [0x561b1199a88f] 
2026-09-27 07:45:11.442	[RPC0]	INFO	stacktrace	src/common/stack_trace.cpp:172	    [8] monero-wallet-rpc(+0x1ef579) [0x561b119fc579] 
2026-09-27 07:45:11.442	[RPC0]	INFO	stacktrace	src/common/stack_trace.cpp:172	    [9] monero-wallet-rpc(+0x1979a1) [0x561b119a49a1] 
2026-09-27 07:45:11.442	[RPC0]	INFO	stacktrace	src/common/stack_trace.cpp:172	    [10] monero-wallet-rpc(+0x20f00a) [0x561b11a1c00a] 
2026-09-27 07:45:11.442	[RPC0]	INFO	stacktrace	src/common/stack_trace.cpp:172	    [11]  0x1699f) [0x7f860992099f]:_64-linux-gnu/libboost_thread.so.1.83.0(+0x1699f) [0x7f860992099f]
2026-09-27 07:45:11.442	[RPC0]	INFO	stacktrace	src/common/stack_trace.cpp:172	    [12]  0x9caa4) [0x7f860889caa4]:_64-linux-gnu/libc.so.6(+0x9caa4) [0x7f860889caa4]
2026-09-27 07:45:11.442	[RPC0]	INFO	stacktrace	src/common/stack_trace.cpp:172	    [13]  0x129c6c) [0x7f8608929c6c]:_64-linux-gnu/libc.so.6(+0x129c6c) [0x7f8608929c6c]
2026-09-27 07:45:11.442	[RPC0]	INFO	stacktrace	src/common/stack_trace.cpp:172	
2026-09-27 07:45:11.483	[RPC0]	ERROR	wallet.wallet2	src/wallet/wallet2.cpp:4060	(m_blockchain.size() == stop_height || (m_blockchain.size() == 1 && stop_height == 0) ? false : true). THROW EXCEPTION: error::wallet_internal_error
2026-09-27 07:45:11.483	[RPC0]	INFO	stacktrace	src/common/stack_trace.cpp:133	Exception: tools::error::wallet_internal_error
2026-09-27 07:45:11.483	[RPC0]	INFO	stacktrace	src/common/stack_trace.cpp:134	Unwound call stack:
2026-09-27 07:45:11.483	[RPC0]	INFO	stacktrace	src/common/stack_trace.cpp:172	    [1]  0xad) [0x561b11940775]:__cxa_throw+0xad) [0x561b11940775]
2026-09-27 07:45:11.483	[RPC0]	INFO	stacktrace	src/common/stack_trace.cpp:172	    [2] monero-wallet-rpc(+0x43ffb1) [0x561b11c4cfb1] 
2026-09-27 07:45:11.483	[RPC0]	INFO	stacktrace	src/common/stack_trace.cpp:172	    [3] monero-wallet-rpc(+0x11538d) [0x561b1192238d] 
2026-09-27 07:45:11.483	[RPC0]	INFO	stacktrace	src/common/stack_trace.cpp:172	    [4] monero-wallet-rpc(+0x19901d) [0x561b119a601d] 
2026-09-27 07:45:11.483	[RPC0]	INFO	stacktrace	src/common/stack_trace.cpp:172	    [5] monero-wallet-rpc(+0x1a1432) [0x561b119ae432] 
2026-09-27 07:45:11.483	[RPC0]	INFO	stacktrace	src/common/stack_trace.cpp:172	    [6] monero-wallet-rpc(+0x18d88f) [0x561b1199a88f] 
2026-09-27 07:45:11.483	[RPC0]	INFO	stacktrace	src/common/stack_trace.cpp:172	    [7] monero-wallet-rpc(+0x1ef579) [0x561b119fc579] 
2026-09-27 07:45:11.484	[RPC0]	INFO	stacktrace	src/common/stack_trace.cpp:172	    [8] monero-wallet-rpc(+0x1979a1) [0x561b119a49a1] 
2026-09-27 07:45:11.484	[RPC0]	INFO	stacktrace	src/common/stack_trace.cpp:172	    [9] monero-wallet-rpc(+0x20f00a) [0x561b11a1c00a] 
2026-09-27 07:45:11.484	[RPC0]	INFO	stacktrace	src/common/stack_trace.cpp:172	    [10]  0x1699f) [0x7f860992099f]:_64-linux-gnu/libboost_thread.so.1.83.0(+0x1699f) [0x7f860992099f]
2026-09-27 07:45:11.484	[RPC0]	INFO	stacktrace	src/common/stack_trace.cpp:172	    [11]  0x9caa4) [0x7f860889caa4]:_64-linux-gnu/libc.so.6(+0x9caa4) [0x7f860889caa4]
2026-09-27 07:45:11.484	[RPC0]	INFO	stacktrace	src/common/stack_trace.cpp:172	    [12]  0x129c6c) [0x7f8608929c6c]:_64-linux-gnu/libc.so.6(+0x129c6c) [0x7f8608929c6c]
2026-09-27 07:45:11.484	[RPC0]	INFO	stacktrace	src/common/stack_trace.cpp:172	
2026-09-27 07:45:31.525	[RPC0]	ERROR	wallet.wallet2	src/wallet/wallet2.cpp:3829	Blocks start before blockchain offset: 0 2985000
2026-09-27 07:45:31.527	[RPC0]	ERROR	wallet.wallet2	src/wallet/wallet2.cpp:3130	!m_blockchain.is_in_bounds(current_index). THROW EXCEPTION: error::out_of_hashchain_bounds_error
2026-09-27 07:45:31.527	[RPC0]	INFO	stacktrace	src/common/stack_trace.cpp:133	Exception: tools::error::out_of_hashchain_bounds_error
2026-09-27 07:45:31.527	[RPC0]	INFO	stacktrace	src/common/stack_trace.cpp:134	Unwound call stack:
2026-09-27 07:45:31.528	[RPC0]	INFO	stacktrace	src/common/stack_trace.cpp:172	    [1]  0xad) [0x561b11940775]:__cxa_throw+0xad) [0x561b11940775]
2026-09-27 07:45:31.528	[RPC0]	INFO	stacktrace	src/common/stack_trace.cpp:172	    [2] monero-wallet-rpc(+0x441474) [0x561b11c4e474] 
2026-09-27 07:45:31.528	[RPC0]	INFO	stacktrace	src/common/stack_trace.cpp:172	    [3] monero-wallet-rpc(+0x3ecf29) [0x561b11bf9f29] 
2026-09-27 07:45:31.528	[RPC0]	INFO	stacktrace	src/common/stack_trace.cpp:172	    [4] monero-wallet-rpc(+0x3f0a49) [0x561b11bfda49] 
2026-09-27 07:45:31.528	[RPC0]	INFO	stacktrace	src/common/stack_trace.cpp:172	    [5] monero-wallet-rpc(+0x19901d) [0x561b119a601d] 
2026-09-27 07:45:31.528	[RPC0]	INFO	stacktrace	src/common/stack_trace.cpp:172	    [6] monero-wallet-rpc(+0x1a1432) [0x561b119ae432] 
2026-09-27 07:45:31.528	[RPC0]	INFO	stacktrace	src/common/stack_trace.cpp:172	    [7] monero-wallet-rpc(+0x18d88f) [0x561b1199a88f] 
2026-09-27 07:45:31.528	[RPC0]	INFO	stacktrace	src/common/stack_trace.cpp:172	    [8] monero-wallet-rpc(+0x1ef579) [0x561b119fc579] 
2026-09-27 07:45:31.528	[RPC0]	INFO	stacktrace	src/common/stack_trace.cpp:172	    [9] monero-wallet-rpc(+0x1979a1) [0x561b119a49a1] 
2026-09-27 07:45:31.528	[RPC0]	INFO	stacktrace	src/common/stack_trace.cpp:172	    [10] monero-wallet-rpc(+0x20f00a) [0x561b11a1c00a] 
2026-09-27 07:45:31.528	[RPC0]	INFO	stacktrace	src/common/stack_trace.cpp:172	    [11]  0x1699f) [0x7f860992099f]:_64-linux-gnu/libboost_thread.so.1.83.0(+0x1699f) [0x7f860992099f]
2026-09-27 07:45:31.528	[RPC0]	INFO	stacktrace	src/common/stack_trace.cpp:172	    [12]  0x9caa4) [0x7f860889caa4]:_64-linux-gnu/libc.so.6(+0x9caa4) [0x7f860889caa4]
2026-09-27 07:45:31.528	[RPC0]	INFO	stacktrace	src/common/stack_trace.cpp:172	    [13]  0x129c6c) [0x7f8608929c6c]:_64-linux-gnu/libc.so.6(+0x129c6c) [0x7f8608929c6c]
2026-09-27 07:45:31.528	[RPC0]	INFO	stacktrace	src/common/stack_trace.cpp:172	
2026-09-27 07:45:31.570	[RPC0]	ERROR	wallet.wallet2	src/wallet/wallet2.cpp:4060	(m_blockchain.size() == stop_height || (m_blockchain.size() == 1 && stop_height == 0) ? false : true). THROW EXCEPTION: error::wallet_internal_error
2026-09-27 07:45:31.570	[RPC0]	INFO	stacktrace	src/common/stack_trace.cpp:133	Exception: tools::error::wallet_internal_error
2026-09-27 07:45:31.570	[RPC0]	INFO	stacktrace	src/common/stack_trace.cpp:134	Unwound call stack:
2026-09-27 07:45:31.570	[RPC0]	INFO	stacktrace	src/common/stack_trace.cpp:172	    [1]  0xad) [0x561b11940775]:__cxa_throw+0xad) [0x561b11940775]
2026-09-27 07:45:31.570	[RPC0]	INFO	stacktrace	src/common/stack_trace.cpp:172	    [2] monero-wallet-rpc(+0x43ffb1) [0x561b11c4cfb1] 
2026-09-27 07:45:31.570	[RPC0]	INFO	stacktrace	src/common/stack_trace.cpp:172	    [3] monero-wallet-rpc(+0x11538d) [0x561b1192238d] 
2026-09-27 07:45:31.570	[RPC0]	INFO	stacktrace	src/common/stack_trace.cpp:172	    [4] monero-wallet-rpc(+0x19901d) [0x561b119a601d] 
2026-09-27 07:45:31.570	[RPC0]	INFO	stacktrace	src/common/stack_trace.cpp:172	    [5] monero-wallet-rpc(+0x1a1432) [0x561b119ae432] 
2026-09-27 07:45:31.570	[RPC0]	INFO	stacktrace	src/common/stack_trace.cpp:172	    [6] monero-wallet-rpc(+0x18d88f) [0x561b1199a88f] 
2026-09-27 07:45:31.570	[RPC0]	INFO	stacktrace	src/common/stack_trace.cpp:172	    [7] monero-wallet-rpc(+0x1ef579) [0x561b119fc579] 
2026-09-27 07:45:31.570	[RPC0]	INFO	stacktrace	src/common/stack_trace.cpp:172	    [8] monero-wallet-rpc(+0x1979a1) [0x561b119a49a1] 
2026-09-27 07:45:31.570	[RPC0]	INFO	stacktrace	src/common/stack_trace.cpp:172	    [9] monero-wallet-rpc(+0x20f00a) [0x561b11a1c00a] 
2026-09-27 07:45:31.570	[RPC0]	INFO	stacktrace	src/common/stack_trace.cpp:172	    [10]  0x1699f) [0x7f860992099f]:_64-linux-gnu/libboost_thread.so.1.83.0(+0x1699f) [0x7f860992099f]
2026-09-27 07:45:31.570	[RPC0]	INFO	stacktrace	src/common/stack_trace.cpp:172	    [11]  0x9caa4) [0x7f860889caa4]:_64-linux-gnu/libc.so.6(+0x9caa4) [0x7f860889caa4]
2026-09-27 07:45:31.571	[RPC0]	INFO	stacktrace	src/common/stack_trace.cpp:172	    [12]  0x129c6c) [0x7f8608929c6c]:_64-linux-gnu/libc.so.6(+0x129c6c) [0x7f8608929c6c]
2026-09-27 07:45:31.571	[RPC0]	INFO	stacktrace	src/common/stack_trace.cpp:172	
2026-09-27 07:45:34.344	[SRV_MAIN]	WARNING	wallet.rpc	src/wallet/wallet_rpc_server.cpp:4670	Stopped wallet RPC server
2026-09-27 07:45:34.344	[SRV_MAIN]	WARNING	wallet.rpc	src/wallet/wallet_rpc_server.cpp:4673	Saving wallet...
2026-09-27 07:45:34.352	[SRV_MAIN]	WARNING	wallet.rpc	src/wallet/wallet_rpc_server.cpp:4675	Successfully saved
2026-09-27 07:46:31.872	    7f0000719e80	INFO	logging	contrib/epee/src/mlog.cpp:273	New log categories: *:WARNING,net:FATAL,net.http:FATAL,net.ssl:FATAL,net.p2p:FATAL,net.cn:FATAL,daemon.rpc:FATAL,global:INFO,verify:FATAL,serialization:FATAL,daemon.rpc.payment:ERROR,stacktrace:INFO,logging:INFO,msgwriter:INFO
2026-09-27 07:46:31.872	    7f0000719e80	INFO	logging	contrib/epee/src/mlog.cpp:273	New log categories: *:WARNING,net:FATAL,net.http:FATAL,net.ssl:FATAL,net.p2p:FATAL,net.cn:FATAL,daemon.rpc:FATAL,global:INFO,verify:FATAL,serialization:FATAL,daemon.rpc.payment:ERROR,stacktrace:INFO,logging:INFO,msgwriter:INFO
2026-09-27 07:46:31.872	    7f0000719e80	INFO	msgwriter	src/common/scoped_message_writer.h:102	This is the RPC monero wallet. It needs to connect to a monero
2026-09-27 07:46:31.872	    7f0000719e80	INFO	msgwriter	src/common/scoped_message_writer.h:102	daemon to work correctly.
2026-09-27 07:46:31.872	    7f0000719e80	INFO	msgwriter	src/common/scoped_message_writer.h:102	Monero 'Fluorine Fermi' (v0.18.3.1-unknown)
2026-09-27 07:46:31.872	    7f0000719e80	INFO	msgwriter	src/common/scoped_message_writer.h:102	Logging to monero-wallet-rpc.log
2026-09-27 07:46:31.874	    7f0000719e80	INFO	global	contrib/epee/include/net/http_server_impl_base.h:79	Binding on 127.0.0.1 (IPv4):18088
2026-09-27 07:46:32.541	    7f0000719e80	WARNING	wallet.rpc	src/wallet/wallet_rpc_server.cpp:4660	Starting wallet RPC server
2026-09-27 07:46:36.128	[RPC0]	ERROR	wallet.wallet2	src/wallet/wallet2.cpp:6105	e || !exists. THROW EXCEPTION: error::file_not_found
2026-09-27 07:46:36.128	[RPC0]	INFO	stacktrace	src/common/stack_trace.cpp:133	Exception: tools::error::file_error_base<1>
2026-09-27 07:46:36.128	[RPC0]	INFO	stacktrace	src/common/stack_trace.cpp:134	Unwound call stack:
2026-09-27 07:46:36.128	[RPC0]	INFO	stacktrace	src/common/stack_trace.cpp:172	    [1]  0xad) [0x55fd18590775]:__cxa_throw+0xad) [0x55fd18590775]
2026-09-27 07:46:36.128	[RPC0]	INFO	stacktrace	src/common/stack_trace.cpp:172	    [2] monero-wallet-rpc(+0x456c2a) [0x55fd188b3c2a] 
2026-09-27 07:46:36.128	[RPC0]	INFO	stacktrace	src/common/stack_trace.cpp:172	    [3] monero-wallet-rpc(+0x3e10db) [0x55fd1883e0db] 
2026-09-27 07:46:36.128	[RPC0]	INFO	stacktrace	src/common/stack_trace.cpp:172	    [4] monero-wallet-rpc(+0x3e3027) [0x55fd18840027] 
2026-09-27 07:46:36.128	[RPC0]	INFO	stacktrace	src/common/stack_trace.cpp:172	    [5] monero-wallet-rpc(+0x1ae377) [0x55fd1860b377] 
2026-09-27 07:46:36.128	[RPC0]	INFO	stacktrace	src/common/stack_trace.cpp:172	    [6] monero-wallet-rpc(+0x2eee78) [0x55fd1874be78] 
2026-09-27 07:46:36.128	[RPC0]	INFO	stacktrace	src/common/stack_trace.cpp:172	    [7] monero-wallet-rpc(+0x30e7d3) [0x55fd1876b7d3] 
2026-09-27 07:46:36.128	[RPC0]	INFO	stacktrace	src/common/stack_trace.cpp:172	    [8] monero-wallet-rpc(+0x2050a5) [0x55fd186620a5] 
2026-09-27 07:46:36.128	[RPC0]	INFO	stacktrace	src/common/stack_trace.cpp:172	    [9] monero-wallet-rpc(+0x2c2fac) [0x55fd1871ffac] 
2026-09-27 07:46:36.128	[RPC0]	INFO	stacktrace	src/common/stack_trace.cpp:172	    [10] monero-wallet-rpc(+0x2c36c0) [0x55fd187206c0] 
2026-09-27 07:46:36.128	[RPC0]	INFO	stacktrace	src/common/stack_trace.cpp:172	    [11] monero-wallet-rpc(+0x2d2f47) [0x55fd1872ff47] 
2026-09-27 07:46:36.128	[RPC0]	INFO	stacktrace	src/common/stack_trace.cpp:172	    [12] monero-wallet-rpc(+0x2d3092) [0x55fd18730092] 
2026-09-27 07:46:36.128	[RPC0]	INFO	stacktrace	src/common/stack_trace.cpp:172	    [13] monero-wallet-rpc(+0x1eea25) [0x55fd1864ba25] 
2026-09-27 07:46:36.128	[RPC0]	INFO	stacktrace	src/common/stack_trace.cpp:172	    [14] monero-wallet-rpc(+0x1ef579) [0x55fd1864c579] 
2026-09-27 07:46:36.128	[RPC0]	INFO	stacktrace	src/common/stack_trace.cpp:172	    [15] monero-wallet-rpc(+0x1979a1) [0x55fd185f49a1] 
2026-09-27 07:46:36.128	[RPC0]	INFO	stacktrace	src/common/stack_trace.cpp:172	    [16] monero-wallet-rpc(+0x20f00a) [0x55fd1866c00a] 
2026-09-27 07:46:36.128	[RPC0]	INFO	stacktrace	src/common/stack_trace.cpp:172	    [17]  0x1699f) [0x7f0000b6299f]:_64-linux-gnu/libboost_thread.so.1.83.0(+0x1699f) [0x7f0000b6299f]
2026-09-27 07:46:36.128	[RPC0]	INFO	stacktrace	src/common/stack_trace.cpp:172	    [18]  0x9caa4) [0x7effffa9caa4]:_64-linux-gnu/libc.so.6(+0x9caa4) [0x7effffa9caa4]
2026-09-27 07:46:36.128	[RPC0]	INFO	stacktrace	src/common/stack_trace.cpp:172	    [19]  0x129c6c) [0x7effffb29c6c]:_64-linux-gnu/libc.so.6(+0x129c6c) [0x7effffb29c6c]
2026-09-27 07:46:36.128	[RPC0]	INFO	stacktrace	src/common/stack_trace.cpp:172	
2026-09-27 07:46:47.579	[RPC0]	WARNING	wallet.wallet2	src/wallet/wallet2.cpp:2523	Received money: 35.184338534400, with tx: <1a19d2c5d80daca8d615c734587f61c49579f25df3fb27eceee478ddf2a17ea3>
2026-09-27 07:46:47.580	[RPC0]	WARNING	wallet.wallet2	src/wallet/wallet2.cpp:2523	Received money: 35.184271425600, with tx: <5023f053b267c7461eeca6b7f6c87a9c0ad52b548476181c0632959b01dee77a>
2026-09-27 07:46:47.580	[RPC0]	WARNING	wallet.wallet2	src/wallet/wallet2.cpp:2523	Received money: 35.184204316927, with tx: <2e1a3c351d00f467e0ce42674934766454d1a5eaf22da3e873fa9d5ea85f1fd9>
2026-09-27 07:46:47.580	[RPC0]	WARNING	wallet.wallet2	src/wallet/wallet2.cpp:2523	Received money: 35.184137208383, with tx: <a7d2aa1142d3830441792d63121b4c35a9f986416aea486a8b0c6de2c6c472ce>
2026-09-27 07:46:47.580	[RPC0]	WARNING	wallet.wallet2	src/wallet/wallet2.cpp:2523	Received money: 35.184070099967, with tx: <e6e191f8143634b1d6de071702001a43787680cd1717a7e487a119550ba8d20e>
2026-09-27 07:46:47.581	[RPC0]	WARNING	wallet.wallet2	src/wallet/wallet2.cpp:2523	Received money: 35.184002991679, with tx: <d1c00434d16d5e4337cbd95962577da26060af9e915f08c6b0bc8ba4aaf68de8>
2026-09-27 07:46:47.581	[RPC0]	WARNING	wallet.wallet2	src/wallet/wallet2.cpp:2523	Received money: 35.183935883519, with tx: <c4d3e7c0e84ca486565e796095cb91c37494f02e3ad69fb4579c87b99c285dc0>
2026-09-27 07:46:47.581	[RPC0]	WARNING	wallet.wallet2	src/wallet/wallet2.cpp:2523	Received money: 35.183868775487, with tx: <cf7bbc953dccc8506416ebd5831ac1770bd38b74fcfc0143b4f13b85983ac29f>
2026-09-27 07:46:47.581	[RPC0]	WARNING	wallet.wallet2	src/wallet/wallet2.cpp:2523	Received money: 35.183801667583, with tx: <cf1b18f6190d346eda5aed46b3a1c343e16ee3ad105489722fe552b89b63e2de>
2026-09-27 07:46:47.581	[RPC0]	WARNING	wallet.wallet2	src/wallet/wallet2.cpp:2523	Received money: 35.183734559807, with tx: <2bf16cf6b21c53e4fe5a2f44e46922b5a6b6a3f72584ac2f782f99fe0ae1aec5>
2026-09-27 07:46:47.582	[RPC0]	WARNING	wallet.wallet2	src/wallet/wallet2.cpp:2523	Received money: 35.183667452159, with tx: <c43b326cc1e6a766ab300cc71b31d8fc4cc698fe69a757bf17aa5f693d480dd1>
2026-09-27 07:46:47.582	[RPC0]	WARNING	wallet.wallet2	src/wallet/wallet2.cpp:2523	Received money: 35.183600344639, with tx: <efecb649fa646e3450af0dae6014077ce4b83cedf6c94f73ef8be69f805f74d7>
2026-09-27 07:46:47.582	[RPC0]	WARNING	wallet.wallet2	src/wallet/wallet2.cpp:2523	Received money: 35.183533237247, with tx: <f0f50cbdf243d41750474ee4482ac64c15e2fea7c157433c160cc9b53727c870>
2026-09-27 07:46:47.582	[RPC0]	WARNING	wallet.wallet2	src/wallet/wallet2.cpp:2523	Received money: 35.183466129983, with tx: <eb9c141b244afe8542860959d3c642f0c30939a8722f6d744b434710c4fa11a9>
2026-09-27 07:46:47.582	[RPC0]	WARNING	wallet.wallet2	src/wallet/wallet2.cpp:2523	Received money: 35.183399022847, with tx: <696c10a50498164e78de50261809d4f13de42a5794368f9b186f4a0e76207c7d>
2026-09-27 07:46:47.582	[RPC0]	WARNING	wallet.wallet2	src/wallet/wallet2.cpp:2523	Received money: 35.183331915839, with tx: <be7d10ed188351eadac3b8a61784cf5e25ea9c7d7d950d1e10739e648b490006>
2026-09-27 07:46:47.583	[RPC0]	WARNING	wallet.wallet2	src/wallet/wallet2.cpp:2523	Received money: 35.183264808959, with tx: <fa6453d4c4392ce79558d745d1cd91345b06b9027d09110fe0762ac22a6ecdc0>
2026-09-27 07:46:47.583	[RPC0]	WARNING	wallet.wallet2	src/wallet/wallet2.cpp:2523	Received money: 35.183197702207, with tx: <b559756a952bdd9191a60bfe6ec609b1e293df5dd1567a5f3b3ca55348749297>
2026-09-27 07:46:47.583	[RPC0]	WARNING	wallet.wallet2	src/wallet/wallet2.cpp:2523	Received money: 35.183130595583, with tx: <6909ebcb58e04c8b509c320ba52a1d82e64830faa316f1b8ab4b1f4a4644d129>
2026-09-27 07:46:47.583	[RPC0]	WARNING	wallet.wallet2	src/wallet/wallet2.cpp:2523	Received money: 35.183063489087, with tx: <5373a23866cfd97d60912c5a91208136f30dbb76df46c624a8cac95b8fa32240>
2026-09-27 07:46:47.583	[RPC0]	WARNING	wallet.wallet2	src/wallet/wallet2.cpp:2523	Received money: 35.182996382719, with tx: <45536842aba8507cf64fdd80da79a16573852ac27a9e1c4b0808e3aa190efbc2>
2026-09-27 07:46:47.583	[RPC0]	WARNING	wallet.wallet2	src/wallet/wallet2.cpp:2523	Received money: 35.182929276479, with tx: <3380a31b3adc19b3ce6b5061d79a5a65ad9326db55c9a466f3d7f8a14b193fc9>
2026-09-27 07:46:47.584	[RPC0]	WARNING	wallet.wallet2	src/wallet/wallet2.cpp:2523	Received money: 35.182862170367, with tx: <6664c46287427cee435eec2705bac50eb5f40f2491b7eddea31aa7c1c86ad5e7>
2026-09-27 07:46:47.584	[RPC0]	WARNING	wallet.wallet2	src/wallet/wallet2.cpp:2523	Received money: 35.182795064383, with tx: <3a4a7dd41dd433d524cac01e02670274b732e159989123178232fc4d8779e2f7>
2026-09-27 07:46:47.584	[RPC0]	WARNING	wallet.wallet2	src/wallet/wallet2.cpp:2523	Received money: 35.182727958527, with tx: <20ed73b723db3fd22423df78552b712dacec81e39851036d00cfc1c6bae5da32>
2026-09-27 07:46:47.584	[RPC0]	WARNING	wallet.wallet2	src/wallet/wallet2.cpp:2523	Received money: 35.182660852799, with tx: <41ff864984ce716b0c2332236a67715bb5255a470d938b91f3fb94a265c777b7>
2026-09-27 07:46:47.584	[RPC0]	WARNING	wallet.wallet2	src/wallet/wallet2.cpp:2523	Received money: 35.182593747199, with tx: <1b6443b75963a181eeb986bf663c60cd46c61bebe73ddfc0093d3145fc43a1c6>
2026-09-27 07:46:47.585	[RPC0]	WARNING	wallet.wallet2	src/wallet/wallet2.cpp:2523	Received money: 35.182526641727, with tx: <5dc9e30a9fc5b7022cd18ce82155c438f49c55394ca67e740a9b233c8598e371>
2026-09-27 07:46:47.585	[RPC0]	WARNING	wallet.wallet2	src/wallet/wallet2.cpp:2523	Received money: 35.182459536383, with tx: <edccbb883c019a466ec80bc252b356a295cb81fd248242f4dc9646140b8ff8c7>
2026-09-27 07:46:47.585	[RPC0]	WARNING	wallet.wallet2	src/wallet/wallet2.cpp:2523	Received money: 35.182392431167, with tx: <c46bbedda8b95bbf5684d25dbc7bf9fb8eb4d0c641dbf343112362ad84573dc8>
2026-09-27 07:46:47.585	[RPC0]	WARNING	wallet.wallet2	src/wallet/wallet2.cpp:2523	Received money: 35.182325326078, with tx: <5f8962480309119cb95c21220ea6c38c8be29be13e0c62c8d4b0d01a3f46d688>
2026-09-27 07:46:47.585	[RPC0]	WARNING	wallet.wallet2	src/wallet/wallet2.cpp:2523	Received money: 35.182258221118, with tx: <a67c79df0dc349744529afa4443e05a0f7260b05c629807a57f5bc015f4aeab4>
2026-09-27 07:46:47.585	[RPC0]	WARNING	wallet.wallet2	src/wallet/wallet2.cpp:2523	Received money: 35.182191116286, with tx: <3cf8b6c526d91bebc2c4789676620286bea0809434d1db71b44601d67d04a85e>
2026-09-27 07:46:47.586	[RPC0]	WARNING	wallet.wallet2	src/wallet/wallet2.cpp:2523	Received money: 35.182124011582, with tx: <b9b9d158071257cef17f56780e211736aa6ddfc693284d90fce98fa3e39b1ca3>
2026-09-27 07:46:47.586	[RPC0]	WARNING	wallet.wallet2	src/wallet/wallet2.cpp:2523	Received money: 35.182056907006, with tx: <c8b0f5f79b9dd558d831c3c03d26a313d94146a649800dcbfb5d088f0702802b>
2026-09-27 07:46:47.586	[RPC0]	WARNING	wallet.wallet2	src/wallet/wallet2.cpp:2523	Received money: 35.181989802558, with tx: <d480463a41f10bb62846ae70f5753b318257e63aa10edb2c23c079005ac24b8e>
2026-09-27 07:46:47.586	[RPC0]	WARNING	wallet.wallet2	src/wallet/wallet2.cpp:2523	Received money: 35.181922698238, with tx: <3ef3a1522ebf48f7c30b39653521b8e752c289fdb33f13bbc47c8bd55e7c6a96>
2026-09-27 07:46:47.586	[RPC0]	WARNING	wallet.wallet2	src/wallet/wallet2.cpp:2523	Received money: 35.181855594046, with tx: <b19bdc0d4d75f194826b576699c5f9664f79b97f08bf5e716b85f996c570e65f>
2026-09-27 07:46:47.587	[RPC0]	WARNING	wallet.wallet2	src/wallet/wallet2.cpp:2523	Received money: 35.181788489981, with tx: <fc883abfc988d81c331c003ff9b864fb8dcb60b83261f082bf06b15fd72ffe3a>
2026-09-27 07:46:47.587	[RPC0]	WARNING	wallet.wallet2	src/wallet/wallet2.cpp:2523	Received money: 35.181721386045, with tx: <9dbf2db5a8253bfcbf203c683a0c061102eaa41e09774f88ddd32276f90ef64a>
2026-09-27 07:46:47.587	[RPC0]	WARNING	wallet.wallet2	src/wallet/wallet2.cpp:2523	Received money: 35.181654282237, with tx: <6d21da7a14cdba8206c34af9a5f871c8461353019e533b3fabe8dedf1d167e4e>
2026-09-27 07:46:47.587	[RPC0]	WARNING	wallet.wallet2	src/wallet/wallet2.cpp:2523	Received money: 35.181587178557, with tx: <474fadef6d088185a84d3e3acf817dbbbf8bc91a7f75a6346bd9df0549121790>
2026-09-27 07:46:47.587	[RPC0]	WARNING	wallet.wallet2	src/wallet/wallet2.cpp:2523	Received money: 35.181520075005, with tx: <f2f4e62307f0fc38900cdf132343f48af98bf1b53ac19663c4e60961d75bcc90>
2026-09-27 07:46:47.587	[RPC0]	WARNING	wallet.wallet2	src/wallet/wallet2.cpp:2523	Received money: 35.181452971580, with tx: <f20d4aa8f0b2d22e230154593f094c6af31455960ae0749d10dd12735ed61887>
2026-09-27 07:46:47.588	[RPC0]	WARNING	wallet.wallet2	src/wallet/wallet2.cpp:2523	Received money: 35.181385868284, with tx: <7ea67cbedbbd9bd8381549442527b81ce5d02a54eddd413b45c925c86f3a5e8a>
2026-09-27 07:46:47.588	[RPC0]	WARNING	wallet.wallet2	src/wallet/wallet2.cpp:2523	Received money: 35.181318765116, with tx: <740076bc663f4af769899980967fe35612f9c59f2bf6dc0201247e91bb28c26d>
2026-09-27 07:46:47.588	[RPC0]	WARNING	wallet.wallet2	src/wallet/wallet2.cpp:2523	Received money: 35.181251662076, with tx: <63b4bf0f8d8dfa057d319fe6b29124ba3187b04de6edcaa40829ad6ddea99959>
2026-09-27 07:46:47.588	[RPC0]	WARNING	wallet.wallet2	src/wallet/wallet2.cpp:2523	Received money: 35.181184559163, with tx: <8b3eb1521e42236037ff7b6403958a1d1a37ab5d97da9ec4ac1abfcd11948315>
2026-09-27 07:46:47.588	[RPC0]	WARNING	wallet.wallet2	src/wallet/wallet2.cpp:2523	Received money: 35.181117456379, with tx: <4ebf04ab3b129cdbc12a68712562dea949d5b2c89c9d631eb0b3c0c99fd7b668>
2026-09-27 07:46:47.588	[RPC0]	WARNING	wallet.wallet2	src/wallet/wallet2.cpp:2523	Received money: 35.181050353723, with tx: <b214e07395e79a2c8b872972fcff523352b147a34c6373b8d23cd62e5b6e0428>
2026-09-27 07:46:47.589	[RPC0]	WARNING	wallet.wallet2	src/wallet/wallet2.cpp:2523	Received money: 35.180983251195, with tx: <78219fb41fe8b83bebeee41c7a8b62faae99dbccc30c5ad5708de6cf90e87bb0>
2026-09-27 07:46:47.589	[RPC0]	WARNING	wallet.wallet2	src/wallet/wallet2.cpp:2523	Received money: 35.180916148794, with tx: <91c6af90a6cfeb7f2e9000c227a38695d2bcb6db5a6b634bc917cdba85bff61a>
2026-09-27 07:46:47.589	[RPC0]	WARNING	wallet.wallet2	src/wallet/wallet2.cpp:2523	Received money: 35.180849046522, with tx: <a7577e80f0b00d0801ca041b06e7d8977bcc878ca62c5357aa8f89c9cb4faa70>
2026-09-27 07:46:47.589	[RPC0]	WARNING	wallet.wallet2	src/wallet/wallet2.cpp:2523	Received money: 35.180781944378, with tx: <faaf973960ec69766e6bde40ace0e2efff9e32c2f919d1996bd5ac7c7316df44>
2026-09-27 07:46:47.589	[RPC0]	WARNING	wallet.wallet2	src/wallet/wallet2.cpp:2523	Received money: 35.180714842361, with tx: <abfccd9e99d838ee73d1012dee0a3522f962ca04e4d80af0d35b55c7da30b3f3>
2026-09-27 07:46:47.590	[RPC0]	WARNING	wallet.wallet2	src/wallet/wallet2.cpp:2523	Received money: 35.180647740473, with tx: <15704c710522abf251f30550b79680e189498e58c6f31b33f7e55229327c8f97>
2026-09-27 07:46:47.590	[RPC0]	WARNING	wallet.wallet2	src/wallet/wallet2.cpp:2523	Received money: 35.180580638713, with tx: <9e95a8846ae72485f54e363a4124f570a4d8544a12a93a912ffd8787f2120ddd>
2026-09-27 07:46:47.590	[RPC0]	WARNING	wallet.wallet2	src/wallet/wallet2.cpp:2523	Received money: 35.180513537080, with tx: <d9bb9e43ef189c601ecb00551eb9eac1c4a3c26ac7b07137f99225efcedff6a8>
2026-09-27 07:46:47.590	[RPC0]	WARNING	wallet.wallet2	src/wallet/wallet2.cpp:2523	Received money: 35.180446435576, with tx: <e5d81522d861c28869d3947a374b258040dea15d7e8673c680d65aad01a50193>
2026-09-27 07:46:47.590	[RPC0]	WARNING	wallet.wallet2	src/wallet/wallet2.cpp:2523	Received money: 35.180379334199, with tx: <4744b46fa5b5d888b064c2f27a419b39f536f0319d0dae51f2c91cc408f0e2d7>
2026-09-27 07:46:47.590	[RPC0]	WARNING	wallet.wallet2	src/wallet/wallet2.cpp:2523	Received money: 35.180312232951, with tx: <672f10b2521ca2884bcb90800ad3329199a7f117bb7c023c1f43e2c5cbcd960d>
2026-09-27 07:46:47.590	[RPC0]	WARNING	wallet.wallet2	src/wallet/wallet2.cpp:2523	Received money: 35.180245131830, with tx: <7a7741644447e614833a66a01ad1faf35665cd9ce56aba13cac4abd9a70e6338>
2026-09-27 07:46:47.591	[RPC0]	WARNING	wallet.wallet2	src/wallet/wallet2.cpp:2523	Received money: 35.180178030838, with tx: <be320491c9ae4aab00b9c136a15220acb7689473fbdc8e5c8ba37ba2ded3cd97>
2026-09-27 07:46:47.591	[RPC0]	WARNING	wallet.wallet2	src/wallet/wallet2.cpp:2523	Received money: 35.180110929974, with tx: <c17dc601ef19a9a71fccbe9c8e6b653ab66cf609023433fe900eaa3385a7b8e8>
2026-09-27 07:46:47.591	[RPC0]	WARNING	wallet.wallet2	src/wallet/wallet2.cpp:2523	Received money: 35.180043829237, with tx: <32eba15eba650171f60aadde9e64e2620960c32c97882439a65679ba8bb97fd7>
2026-09-27 07:46:47.591	[RPC0]	WARNING	wallet.wallet2	src/wallet/wallet2.cpp:2523	Received money: 35.179976728629, with tx: <b72f5a01beb7acc73a234a2633b973808ca782311f1b2132513f01597b0653a0>
2026-09-27 07:46:47.591	[RPC0]	WARNING	wallet.wallet2	src/wallet/wallet2.cpp:2523	Received money: 35.179909628148, with tx: <4f79177b47efa92e56c320d27d9d8a9d0cbef5a5a81ffe1591855e9f13accb73>
2026-09-27 07:46:47.591	[RPC0]	WARNING	wallet.wallet2	src/wallet/wallet2.cpp:2523	Received money: 35.179842527796, with tx: <a965ef179a023e8f222b9b7311ea631ca4d8f5cb6fc4e4d2c6166816d0f334ea>
2026-09-27 07:46:47.592	[RPC0]	WARNING	wallet.wallet2	src/wallet/wallet2.cpp:2523	Received money: 35.179775427571, with tx: <d9bf637ec00670c3cdc48093f765fb9c09fd68e3c302ddc4387b68c3dfbff224>
2026-09-27 07:46:47.592	[RPC0]	WARNING	wallet.wallet2	src/wallet/wallet2.cpp:2523	Received money: 35.179708327474, with tx: <6f2ee0ec1bc78f141adde3a47ee93841aa5cf66524134394d5c77d40a18322e9>
2026-09-27 07:46:47.592	[RPC0]	WARNING	wallet.wallet2	src/wallet/wallet2.cpp:2523	Received money: 35.179641227506, with tx: <8882905870bb26a73ab8b2fa704f4bf81a8b106d309e30125ee2622724138bab>
2026-09-27 07:46:47.592	[RPC0]	WARNING	wallet.wallet2	src/wallet/wallet2.cpp:2523	Received money: 35.179574127665, with tx: <b37b24e69baceaf6e81f8e045745edfd1850b135c12354467ea0316c04842e38>
2026-09-27 07:46:47.592	[RPC0]	WARNING	wallet.wallet2	src/wallet/wallet2.cpp:2523	Received money: 35.179507027953, with tx: <7392d03bfacd5be5765316e32b944a7f35cc2dfbaf37ebc01e220126f2633871>
2026-09-27 07:46:47.592	[RPC0]	WARNING	wallet.wallet2	src/wallet/wallet2.cpp:2523	Received money: 35.179439928368, with tx: <c2926ab7dd177474c713d041032fa0f3774803648519643776873cb5cc9d97b7>
2026-09-27 07:46:47.593	[RPC0]	WARNING	wallet.wallet2	src/wallet/wallet2.cpp:2523	Received money: 35.179372828911, with tx: <5dbd97dae4a76d563961cee350b2d256af0b401b15773e99025f7f8587ec71be>
2026-09-27 07:46:47.593	[RPC0]	WARNING	wallet.wallet2	src/wallet/wallet2.cpp:2523	Received money: 35.179305729583, with tx: <16f3564fbf112130f5fa488e1ce9b09e5ae3fc19e07d52ef1205e6c3d23318d6>
2026-09-27 07:46:47.593	[RPC0]	WARNING	wallet.wallet2	src/wallet/wallet2.cpp:2523	Received money: 35.179238630382, with tx: <c036925172158f46586445cda35a5275c0695e3dc966309b63c39a20a04d1c12>
2026-09-27 07:46:47.593	[RPC0]	WARNING	wallet.wallet2	src/wallet/wallet2.cpp:2523	Received money: 35.179171531309, with tx: <5381561e0dc5d01e836164546ac1ffd86ea5f211d59fe823902b3f64b4ea6af2>
2026-09-27 07:46:47.593	[RPC0]	WARNING	wallet.wallet2	src/wallet/wallet2.cpp:2523	Received money: 35.179104432365, with tx: <428fd9a9d5c75f7be0e9e6133171d9969b2bd08bd5ed9c0f959e4dd4e577f8fd>
2026-09-27 07:46:47.593	[RPC0]	WARNING	wallet.wallet2	src/wallet/wallet2.cpp:2523	Received money: 35.179037333548, with tx: <6348968f0396ceed3692725acef377147c56792f540967644b0cccaa591b308c>
2026-09-27 07:46:47.594	[RPC0]	WARNING	wallet.wallet2	src/wallet/wallet2.cpp:2523	Received money: 35.178970234859, with tx: <1b9a6bd33ad615e7ac5eac94b82b9db38b320e391969b3726b9dd38b8ca2734e>
2026-09-27 07:46:47.594	[RPC0]	WARNING	wallet.wallet2	src/wallet/wallet2.cpp:2523	Received money: 35.178903136298, with tx: <9d53caf47548398d04a25fdcfe04cf90dd29456e66e2d3617da007069fa7503e>
2026-09-27 07:46:47.594	[RPC0]	WARNING	wallet.wallet2	src/wallet/wallet2.cpp:2523	Received money: 35.178836037865, with tx: <f45cf300e497065f489eff8f64e5c446b6db65a0f5b63b0e1908e5d66bbb31de>
2026-09-27 07:46:47.594	[RPC0]	WARNING	wallet.wallet2	src/wallet/wallet2.cpp:2523	Received money: 35.178768939561, with tx: <79e38cfe0e8bbf664cb9459036e5141cbf7957a861e2b715f1d4314b0908bde3>
2026-09-27 07:46:47.594	[RPC0]	WARNING	wallet.wallet2	src/wallet/wallet2.cpp:2523	Received money: 35.178701841384, with tx: <111750be2af89d7d5f796919068127d4d4d2dffcf687565b43065eb0bb787360>
2026-09-27 07:46:47.595	[RPC0]	WARNING	wallet.wallet2	src/wallet/wallet2.cpp:2523	Received money: 35.178634743335, with tx: <474a130d70a09b23ab5ddcedaeb56b5d53d88128f6e1dc3bd827430c1e5da0df>
2026-09-27 07:46:47.595	[RPC0]	WARNING	wallet.wallet2	src/wallet/wallet2.cpp:2523	Received money: 35.178567645414, with tx: <e8eee2e15984ec02309de81a27b4189227dd618099fbd257d6f0fdd239929f8a>
2026-09-27 07:46:47.595	[RPC0]	WARNING	wallet.wallet2	src/wallet/wallet2.cpp:2523	Received money: 35.178500547621, with tx: <87a28ff882dcf35e5c1259fa25f0babf91fcef3939c521305f36329f81148e64>
2026-09-27 07:46:47.595	[RPC0]	WARNING	wallet.wallet2	src/wallet/wallet2.cpp:2523	Received money: 35.178433449956, with tx: <f727411fbbb46638abd037f3492e497ccef57af85fc3fc04ef8bd0295a0c2d10>
2026-09-27 07:46:47.595	[RPC0]	WARNING	wallet.wallet2	src/wallet/wallet2.cpp:2523	Received money: 35.178366352419, with tx: <a9ee2a697ffc219099c41d42836682f9b7d80aea121a42206cf3ac0806eb422f>
2026-09-27 07:46:47.596	[RPC0]	WARNING	wallet.wallet2	src/wallet/wallet2.cpp:2523	Received money: 35.178299255010, with tx: <22022a306d7b15d913784dc3aad059bb50050b3b53652991fe463be2387b8f78>
2026-09-27 07:46:47.596	[RPC0]	WARNING	wallet.wallet2	src/wallet/wallet2.cpp:2523	Received money: 35.178232157729, with tx: <f3a59b9c3c3c2d5163e2e6264c39d3aed358299458b4291dd0b27e9eb8e56f05>
2026-09-27 07:46:47.596	[RPC0]	WARNING	wallet.wallet2	src/wallet/wallet2.cpp:2523	Received money: 35.178165060576, with tx: <b28f667b92d77873ac746e243f45c4ad0f9f2394eefa7cad93f91515b3c5bf14>
2026-09-27 07:46:47.596	[RPC0]	WARNING	wallet.wallet2	src/wallet/wallet2.cpp:2523	Received money: 35.178097963551, with tx: <d82223c757651ed2f757f3ea9cdd816a28bb2d72d6227feaf49587f769b85a97>
2026-09-27 07:46:47.596	[RPC0]	WARNING	wallet.wallet2	src/wallet/wallet2.cpp:2523	Received money: 35.178030866654, with tx: <458b772c5bd8b6245a0496019354ea11a50464b344bed7cefc7bae526c912c5b>
2026-09-27 07:46:47.596	[RPC0]	WARNING	wallet.wallet2	src/wallet/wallet2.cpp:2523	Received money: 35.177963769885, with tx: <d023ede22443b0450a58124aa357163ad0bc174910a249a241757a7e3e435445>
2026-09-27 07:46:47.597	[RPC0]	WARNING	wallet.wallet2	src/wallet/wallet2.cpp:2523	Received money: 35.177896673244, with tx: <3f171a414546b2ab68c7cee317cde6e8d92cefcf0f20c77fd2c423a3a678c99b>
2026-09-27 07:46:47.597	[RPC0]	WARNING	wallet.wallet2	src/wallet/wallet2.cpp:2523	Received money: 35.177829576731, with tx: <dc83aa22b8de06f511ad918f6fcbac4bbff9bcababe564ba1555744483d40ec6>
2026-09-27 07:46:47.597	[RPC0]	WARNING	wallet.wallet2	src/wallet/wallet2.cpp:2523	Received money: 35.177762480346, with tx: <edac263bf76f99be256764f665e6785d9704059dedd1d261ee1f574a4a5bf6c5>
2026-09-27 07:46:47.597	[RPC0]	WARNING	wallet.wallet2	src/wallet/wallet2.cpp:2523	Received money: 35.177695384089, with tx: <275e60f4a94a1719c10b76acc92cb52c26c00c069cf1818aaea54ac98d72f433>
2026-09-27 07:46:47.597	[RPC0]	WARNING	wallet.wallet2	src/wallet/wallet2.cpp:2523	Received money: 35.177628287959, with tx: <391fc07eb64123a36a1559b3e8181231fe1f06b26c849bcbe65c85f5ff25db1a>
2026-09-27 07:46:47.597	[RPC0]	WARNING	wallet.wallet2	src/wallet/wallet2.cpp:2523	Received money: 35.177561191958, with tx: <90896d957d8ce29212de66241092019ba4f910987624cdbb1c33900002d14127>
2026-09-27 07:46:47.598	[RPC0]	WARNING	wallet.wallet2	src/wallet/wallet2.cpp:2523	Received money: 35.177494096085, with tx: <2c6b58e1281919b472667f53e6a992822affd2d3a96dee056377f29856e864dd>
2026-09-27 07:46:47.598	[RPC0]	WARNING	wallet.wallet2	src/wallet/wallet2.cpp:2523	Received money: 35.177427000340, with tx: <f4da45b3e2b5e8ee68c3201802b387d98418f296368570e08abc40a942c5170f>
2026-09-27 07:46:47.598	[RPC0]	WARNING	wallet.wallet2	src/wallet/wallet2.cpp:2523	Received money: 35.177359904722, with tx: <06de15fe38184ea954823249c91ec9388f82d3016339f0f0d1c4885371188bda>
2026-09-27 07:46:47.598	[RPC0]	WARNING	wallet.wallet2	src/wallet/wallet2.cpp:2523	Received money: 35.177292809233, with tx: <a6d2fd3bd72f2f3e32f0af477f82307983618d393ded4a580b8ee3e9995961b0>
2026-09-27 07:46:47.598	[RPC0]	WARNING	wallet.wallet2	src/wallet/wallet2.cpp:2523	Received money: 35.177225713872, with tx: <e71139cc096560be8ba3644f1e01655c9fba2d3e525ca8f501f97fd87392f633>
2026-09-27 07:46:47.598	[RPC0]	WARNING	wallet.wallet2	src/wallet/wallet2.cpp:2523	Received money: 35.177158618638, with tx: <b6d8bcd01826ebc63c33232a917295df153e7582b447b6929d4e84703ef0f1a8>
2026-09-27 07:46:47.599	[RPC0]	WARNING	wallet.wallet2	src/wallet/wallet2.cpp:2523	Received money: 35.177091523533, with tx: <d9e253c49fa6f645a9b2a064bf6267078f112128bfc393d75bdb24673660ea94>
2026-09-27 07:46:47.599	[RPC0]	WARNING	wallet.wallet2	src/wallet/wallet2.cpp:2523	Received money: 35.177024428556, with tx: <e553329a1ee1c0eb699602860565440f428254a75fdf63cb02a108846486dc2a>
2026-09-27 07:46:47.599	[RPC0]	WARNING	wallet.wallet2	src/wallet/wallet2.cpp:2523	Received money: 35.176957333706, with tx: <666d2380b567a26ac2105b5a5f6473d16df2651e05273d3455667a3977574d0d>
2026-09-27 07:46:47.599	[RPC0]	WARNING	wallet.wallet2	src/wallet/wallet2.cpp:2523	Received money: 35.176890238985, with tx: <f835657b012aa9c39e6ec15fafdd93bfd3fb9cfe595dfa8e0d391321bc15e444>
2026-09-27 07:46:47.599	[RPC0]	WARNING	wallet.wallet2	src/wallet/wallet2.cpp:2523	Received money: 35.176823144391, with tx: <a93fd556e5cf9cc01c48b17e01f215990e0798bb9066e10e5cf48718b20a6f18>
2026-09-27 07:46:47.599	[RPC0]	WARNING	wallet.wallet2	src/wallet/wallet2.cpp:2523	Received money: 35.176756049926, with tx: <d917251b8cc92968e5979692c5ea80c86881fa3bc44de74e05c726fde056422d>
2026-09-27 07:46:47.600	[RPC0]	WARNING	wallet.wallet2	src/wallet/wallet2.cpp:2523	Received money: 35.176688955588, with tx: <99912f3ae973d48442a982394e483840984964d1f3ebaf549c27e175c331a7a6>
2026-09-27 07:46:47.600	[RPC0]	WARNING	wallet.wallet2	src/wallet/wallet2.cpp:2523	Received money: 35.176621861378, with tx: <c63952b558854807ebbfaab3e8df53cf12a80df3e472a222273bbbbb460dbe55>
2026-09-27 07:46:47.600	[RPC0]	WARNING	wallet.wallet2	src/wallet/wallet2.cpp:2523	Received money: 35.176554767297, with tx: <400b5c2a886b49b5863ced14f21f65278093acd0a3469ae8d96d640c863c48ac>
2026-09-27 07:46:47.600	[RPC0]	WARNING	wallet.wallet2	src/wallet/wallet2.cpp:2523	Received money: 35.176487673343, with tx: <6378a7b434fe93feeaeb2bb4de9cacc578e10ce8e37153f3850b1154ee399406>
2026-09-27 07:46:47.600	[RPC0]	WARNING	wallet.wallet2	src/wallet/wallet2.cpp:2523	Received money: 35.176420579517, with tx: <a75161f398b59d3a2aa6d4cc3f7712857d3db0918976c4ba3048a5edce9ef03a>
2026-09-27 07:46:47.601	[RPC0]	WARNING	wallet.wallet2	src/wallet/wallet2.cpp:2523	Received money: 35.176353485820, with tx: <48736f36b9b6b0a6592103936428bb7cf23e30be84c7e909fc377798b2b80f09>
2026-09-27 07:46:47.601	[RPC0]	WARNING	wallet.wallet2	src/wallet/wallet2.cpp:2523	Received money: 35.176286392250, with tx: <c0fec977babc69c52d725ced19f61b61d1c7e267b083cd0f4987c35253bd1863>
2026-09-27 07:46:47.601	[RPC0]	WARNING	wallet.wallet2	src/wallet/wallet2.cpp:2523	Received money: 35.176219298808, with tx: <9950f90d4f4792ef035fa95eb1d8f2d16dff22a8940cf99a7c7567e4485e80e7>
2026-09-27 07:46:47.601	[RPC0]	WARNING	wallet.wallet2	src/wallet/wallet2.cpp:2523	Received money: 35.176152205495, with tx: <5dd43cbe45f047441985cf41c55fee65366cfec0e648d5972b23bd42519809f9>
2026-09-27 07:46:47.601	[RPC0]	WARNING	wallet.wallet2	src/wallet/wallet2.cpp:2523	Received money: 35.176085112309, with tx: <ad363ed811edba43e667df0e720b9c815560ab7a9a98788e051b945da109ed4c>
2026-09-27 07:46:47.602	[RPC0]	WARNING	wallet.wallet2	src/wallet/wallet2.cpp:2523	Received money: 35.176018019251, with tx: <61a88be7b21af3e5008b9011b7168160c433e7ab9b5198c5d1631d079b368ead>
2026-09-27 07:46:47.602	[RPC0]	WARNING	wallet.wallet2	src/wallet/wallet2.cpp:2523	Received money: 35.175950926321, with tx: <df0348b1660105c3e8f37f8b94c54cf59c286652d865762e046a82a76abb80f7>
2026-09-27 07:46:47.602	[RPC0]	WARNING	wallet.wallet2	src/wallet/wallet2.cpp:2523	Received money: 35.175883833519, with tx: <450be7f4e2c52d44219355d70d1e92b9088ef62929c3e70a1ac2a3dea1c42599>
2026-09-27 07:46:47.602	[RPC0]	WARNING	wallet.wallet2	src/wallet/wallet2.cpp:2523	Received money: 35.175816740845, with tx: <f02696d6c2fda39361c1d594dab8dc5d1abce6f396c11484f698ab3b3bf9a46c>
2026-09-27 07:46:47.602	[RPC0]	WARNING	wallet.wallet2	src/wallet/wallet2.cpp:2523	Received money: 35.175749648299, with tx: <e1626bef5d7e44a0c9bf03d76008bd6847ae28efcead8154b46e4a2e29a6a80a>
2026-09-27 07:46:47.602	[RPC0]	WARNING	wallet.wallet2	src/wallet/wallet2.cpp:2523	Received money: 35.175682555881, with tx: <7cc432fbb55577a1cd262f25d5eee380dd837ebf34aa1d69e972aa004dcd3150>
2026-09-27 07:46:49.650	[RPC0]	WARNING	wallet.wallet2	src/wallet/wallet2.cpp:8158	Requested ring size 1 too low, using 16
2026-09-27 07:46:49.665	[RPC0]	WARNING	wallet.wallet2	src/wallet/wallet2.h:2550	amount=35.184338534400, real_output=0, real_output_in_tx_index=0, indexes: 0 1 4 10 22 24 25 29 36 40 42 52 53 63 65 67 
2026-09-27 07:46:49.667	[RPC0]	WARNING	wallet.wallet2	src/wallet/wallet2.h:2550	amount=35.184338534400, real_output=0, real_output_in_tx_index=0, indexes: 0 1 4 10 22 24 25 29 36 40 42 52 53 63 65 67 
2026-09-27 07:46:49.680	[RPC0]	WARNING	wallet.wallet2	src/wallet/wallet2.h:2550	amount=35.184338534400, real_output=0, real_output_in_tx_index=0, indexes: 0 1 2 10 17 20 30 34 37 39 45 48 66 67 68 70 
2026-09-27 07:46:49.680	[RPC0]	WARNING	wallet.wallet2	src/wallet/wallet2.h:2550	amount=35.179641227506, real_output=15, real_output_in_tx_index=0, indexes: 4 7 23 30 33 34 36 42 43 44 51 61 62 64 65 70 
2026-09-27 07:46:49.682	[RPC0]	WARNING	wallet.wallet2	src/wallet/wallet2.h:2550	amount=35.184338534400, real_output=0, real_output_in_tx_index=0, indexes: 0 1 2 10 17 20 30 34 37 39 45 48 66 67 68 70 
2026-09-27 07:46:49.682	[RPC0]	WARNING	wallet.wallet2	src/wallet/wallet2.h:2550	amount=35.179641227506, real_output=15, real_output_in_tx_index=0, indexes: 4 7 23 30 33 34 36 42 43 44 51 61 62 64 65 70 
2026-09-27 07:46:49.930	[RPC0]	WARNING	wallet.wallet2	src/wallet/wallet2.cpp:8158	Requested ring size 1 too low, using 16
2026-09-27 07:46:49.938	[RPC0]	WARNING	wallet.wallet2	src/wallet/wallet2.h:2550	amount=35.184271425600, real_output=0, real_output_in_tx_index=0, indexes: 1 5 8 14 18 25 30 32 34 41 46 57 59 65 68 69 
2026-09-27 07:46:49.939	[RPC0]	WARNING	wallet.wallet2	src/wallet/wallet2.h:2550	amount=35.184271425600, real_output=0, real_output_in_tx_index=0, indexes: 1 5 8 14 18 25 30 32 34 41 46 57 59 65 68 69 
2026-09-27 07:46:49.952	[RPC0]	WARNING	wallet.wallet2	src/wallet/wallet2.h:2550	amount=35.184271425600, real_output=0, real_output_in_tx_index=0, indexes: 1 9 15 16 40 42 46 49 51 53 56 60 61 67 68 70 
2026-09-27 07:46:49.952	[RPC0]	WARNING	wallet.wallet2	src/wallet/wallet2.h:2550	amount=35.179708327474, real_output=15, real_output_in_tx_index=0, indexes: 4 10 12 14 18 19 21 26 29 30 31 38 47 54 65 69 
2026-09-27 07:46:49.954	[RPC0]	WARNING	wallet.wallet2	src/wallet/wallet2.h:2550	amount=35.184271425600, real_output=0, real_output_in_tx_index=0, indexes: 1 9 15 16 40 42 46 49 51 53 56 60 61 67 68 70 
2026-09-27 07:46:49.954	[RPC0]	WARNING	wallet.wallet2	src/wallet/wallet2.h:2550	amount=35.179708327474, real_output=15, real_output_in_tx_index=0, indexes: 4 10 12 14 18 19 21 26 29 30 31 38 47 54 65 69 
2026-09-27 08:09:08.060	[RPC0]	WARNING	wallet.wallet2	src/wallet/wallet2.cpp:8158	Requested ring size 1 too low, using 16
2026-09-27 08:09:08.071	[RPC0]	WARNING	wallet.wallet2	src/wallet/wallet2.h:2550	amount=35.184204316927, real_output=0, real_output_in_tx_index=0, indexes: 2 4 7 13 29 30 31 37 38 40 41 50 55 62 63 68 
2026-09-27 08:09:08.072	[RPC0]	WARNING	wallet.wallet2	src/wallet/wallet2.h:2550	amount=35.184204316927, real_output=0, real_output_in_tx_index=0, indexes: 2 4 7 13 29 30 31 37 38 40 41 50 55 62 63 68 
2026-09-27 08:09:08.084	[RPC0]	WARNING	wallet.wallet2	src/wallet/wallet2.h:2550	amount=35.184204316927, real_output=1, real_output_in_tx_index=0, indexes: 0 2 6 13 14 19 22 23 29 31 36 43 55 61 64 65 
2026-09-27 08:09:08.084	[RPC0]	WARNING	wallet.wallet2	src/wallet/wallet2.h:2550	amount=35.179775427571, real_output=15, real_output_in_tx_index=0, indexes: 2 5 12 15 20 21 23 28 29 31 47 51 52 58 62 68 
2026-09-27 08:09:08.086	[RPC0]	WARNING	wallet.wallet2	src/wallet/wallet2.h:2550	amount=35.184204316927, real_output=1, real_output_in_tx_index=0, indexes: 0 2 6 13 14 19 22 23 29 31 36 43 55 61 64 65 
2026-09-27 08:09:08.086	[RPC0]	WARNING	wallet.wallet2	src/wallet/wallet2.h:2550	amount=35.179775427571, real_output=15, real_output_in_tx_index=0, indexes: 2 5 12 15 20 21 23 28 29 31 47 51 52 58 62 68 
2026-09-27 08:09:08.218	[RPC0]	WARNING	wallet.wallet2	src/wallet/wallet2.cpp:8158	Requested ring size 1 too low, using 16
2026-09-27 08:09:08.226	[RPC0]	WARNING	wallet.wallet2	src/wallet/wallet2.h:2550	amount=35.184137208383, real_output=1, real_output_in_tx_index=0, indexes: 2 3 8 9 10 11 15 17 23 27 39 40 56 58 59 68 
2026-09-27 08:09:08.227	[RPC0]	WARNING	wallet.wallet2	src/wallet/wallet2.h:2550	amount=35.184137208383, real_output=1, real_output_in_tx_index=0, indexes: 2 3 8 9 10 11 15 17 23 27 39 40 56 58 59 68 
2026-09-27 08:09:08.238	[RPC0]	WARNING	wallet.wallet2	src/wallet/wallet2.h:2550	amount=35.184137208383, real_output=0, real_output_in_tx_index=0, indexes: 3 5 10 14 21 30 34 35 42 48 49 52 56 58 59 60 
2026-09-27 08:09:08.239	[RPC0]	WARNING	wallet.wallet2	src/wallet/wallet2.h:2550	amount=35.179842527796, real_output=14, real_output_in_tx_index=0, indexes: 1 2 6 10 21 22 24 28 38 39 47 49 50 52 67 69 
2026-09-27 08:09:08.240	[RPC0]	WARNING	wallet.wallet2	src/wallet/wallet2.h:2550	amount=35.184137208383, real_output=0, real_output_in_tx_index=0, indexes: 3 5 10 14 21 30 34 35 42 48 49 52 56 58 59 60 
2026-09-27 08:09:08.240	[RPC0]	WARNING	wallet.wallet2	src/wallet/wallet2.h:2550	amount=35.179842527796, real_output=14, real_output_in_tx_index=0, indexes: 1 2 6 10 21 22 24 28 38 39 47 49 50 52 67 69 
2026-09-27 08:10:37.363	[RPC0]	WARNING	wallet.wallet2	src/wallet/wallet2.cpp:2523	Received money: 35.175615463591, with tx: <5ff4924135f1fb356996415bf5002b00ad0ecdc2bd61b04234c298d737e28274>
2026-09-27 08:10:37.363	[RPC0]	WARNING	wallet.wallet2	src/wallet/wallet2.cpp:2523	Received money: 35.175548371429, with tx: <32fdfee4065e63b7a0eb2ce974ec8db2a3b6402a39d28356e34c21a4bd2cb397>
2026-09-27 08:10:37.363	[RPC0]	WARNING	wallet.wallet2	src/wallet/wallet2.cpp:2523	Received money: 35.175481279395, with tx: <656941e514321c27bfccbcfc4d0d26951a4010afb2067724566703ba35c8e848>
2026-09-27 08:10:37.364	[RPC0]	WARNING	wallet.wallet2	src/wallet/wallet2.cpp:2523	Received money: 35.175414187489, with tx: <662ff144a070140ad1f2abb532b82f5576f04ec484d6f0c1b51b80ba9056174a>
2026-09-27 08:10:37.364	[RPC0]	WARNING	wallet.wallet2	src/wallet/wallet2.cpp:2523	Received money: 35.175347095711, with tx: <ee4eaf67e21d9bd4b91d3ef5c445131a93e4f7e7e1b72bc6ee9892a91485ddd1>
2026-09-27 08:10:56.072	[RPC0]	WARNING	wallet.wallet2	src/wallet/wallet2.cpp:8158	Requested ring size 1 too low, using 16
2026-09-27 08:10:56.081	[RPC0]	WARNING	wallet.wallet2	src/wallet/wallet2.h:2550	amount=35.184271425600, real_output=0, real_output_in_tx_index=0, indexes: 1 9 15 16 40 42 46 49 51 53 56 60 61 67 68 70 
2026-09-27 08:10:56.083	[RPC0]	WARNING	wallet.wallet2	src/wallet/wallet2.h:2550	amount=35.184271425600, real_output=0, real_output_in_tx_index=0, indexes: 1 9 15 16 40 42 46 49 51 53 56 60 61 67 68 70 
2026-09-27 08:10:56.105	[RPC0]	WARNING	wallet.wallet2	src/wallet/wallet2.h:2550	amount=35.184271425600, real_output=0, real_output_in_tx_index=0, indexes: 1 2 3 16 20 27 37 40 49 51 64 69 70 71 74 75 
2026-09-27 08:10:56.105	[RPC0]	WARNING	wallet.wallet2	src/wallet/wallet2.h:2550	amount=35.179305729583, real_output=14, real_output_in_tx_index=0, indexes: 8 12 16 26 28 39 42 43 45 46 54 55 56 62 75 76 
2026-09-27 08:10:56.106	[RPC0]	WARNING	wallet.wallet2	src/wallet/wallet2.h:2550	amount=35.184271425600, real_output=0, real_output_in_tx_index=0, indexes: 1 2 3 16 20 27 37 40 49 51 64 69 70 71 74 75 
2026-09-27 08:10:56.106	[RPC0]	WARNING	wallet.wallet2	src/wallet/wallet2.h:2550	amount=35.179305729583, real_output=14, real_output_in_tx_index=0, indexes: 8 12 16 26 28 39 42 43 45 46 54 55 56 62 75 76 
2026-09-27 08:10:57.367	[RPC0]	WARNING	wallet.wallet2	src/wallet/wallet2.cpp:2523	Received money: 35.175280004061, with tx: <a341f6c641b5abd17488f5316329964f3797970b38093f6defc2fa294c2e50f8>
2026-09-27 08:10:57.368	[RPC0]	WARNING	wallet.wallet2	src/wallet/wallet2.cpp:2523	Received money: 35.175212912538, with tx: <45a317ecc633a34d33184f90985b78561f258efdb6d623dca7637a29cf4deed3>
2026-09-27 08:11:48.189	[RPC0]	WARNING	wallet.wallet2	src/wallet/wallet2.cpp:2523	Received money: 35.177751021144, with tx: <c2484c59ffa13954954b5293d77b23062c3b4d2ff4473df187f56479eadf908d>
2026-09-27 08:11:48.190	[RPC0]	WARNING	wallet.wallet2	src/wallet/wallet2.cpp:2523	Received money: 0.001000000000, with tx: <955fbb8c008e30417ce626fe96f3a44b1f253fd2cea18c195305dc0cc66e2f9e>
2026-09-27 08:11:48.190	[RPC0]	WARNING	wallet.wallet2	src/wallet/wallet2.cpp:2523	Received money: 70.359971955183, with tx: <955fbb8c008e30417ce626fe96f3a44b1f253fd2cea18c195305dc0cc66e2f9e>
2026-09-27 08:11:48.190	[RPC0]	WARNING	wallet.wallet2	src/wallet/wallet2.cpp:2654	Spent money: 35.184271425600, with tx: <955fbb8c008e30417ce626fe96f3a44b1f253fd2cea18c195305dc0cc66e2f9e>
2026-09-27 08:11:48.190	[RPC0]	WARNING	wallet.wallet2	src/wallet/wallet2.cpp:2654	Spent money: 35.179305729583, with tx: <955fbb8c008e30417ce626fe96f3a44b1f253fd2cea18c195305dc0cc66e2f9e>
2026-09-27 08:11:48.191	[RPC0]	WARNING	wallet.wallet2	src/wallet/wallet2.cpp:2523	Received money: 35.175078729878, with tx: <9699b83850497f45e8abaac3021e27c7a95140210b341342e528ff35bc412285>
2026-09-27 08:11:48.191	[RPC0]	WARNING	wallet.wallet2	src/wallet/wallet2.cpp:2523	Received money: 35.175011638739, with tx: <e4c2c28eb9fbb08295b6f4dd26c141dc0c85777835f420572a4ee6b558cc0f90>
2026-09-27 08:11:48.192	[RPC0]	WARNING	wallet.wallet2	src/wallet/wallet2.cpp:2523	Received money: 35.174944547729, with tx: <acb72f93a376834021581e3a3fa6f4d4e8efed4774a7ecc18ba8c291c49a3399>
2026-09-27 08:11:48.192	[RPC0]	WARNING	wallet.wallet2	src/wallet/wallet2.cpp:2523	Received money: 35.174877456847, with tx: <23a23b82e637b8a32a684252bc272aeafd60150618523b0330d4da77cf7b9f86>
2026-09-27 08:11:48.192	[RPC0]	WARNING	wallet.wallet2	src/wallet/wallet2.cpp:2523	Received money: 35.174810366092, with tx: <a59b84d9a6337b1cbbb8edb33a3c969246ed4ebcc02853213f6caed57790849f>
2026-09-27 08:11:48.192	[RPC0]	WARNING	wallet.wallet2	src/wallet/wallet2.cpp:2523	Received money: 35.174743275466, with tx: <96efae06f4472ebec18cbd98c2c18f409a4b22e59bce83ae7fa3f51d6f31dd5d>
2026-09-27 08:11:48.193	[RPC0]	WARNING	wallet.wallet2	src/wallet/wallet2.cpp:2523	Received money: 35.174676184967, with tx: <24463b4e0a443813ba50eef0a7d997fc1b680dbaff2ff4105aeb3b3101d189f1>
2026-09-27 08:11:48.193	[RPC0]	WARNING	wallet.wallet2	src/wallet/wallet2.cpp:2523	Received money: 35.174609094597, with tx: <5471fdb88119da2d806b976cc19b78234b2af83f63a51e9bb2ffabfa481a8636>
2026-09-27 08:11:48.193	[RPC0]	WARNING	wallet.wallet2	src/wallet/wallet2.cpp:2523	Received money: 35.174542004354, with tx: <a64a8696d11fee67fe2b587b72eabf93eeb03aa882ac4808f1491f8ebaafc383>
2026-09-27 08:11:48.193	[RPC0]	WARNING	wallet.wallet2	src/wallet/wallet2.cpp:2523	Received money: 35.174474914240, with tx: <d4bf9c176668d6eeac7be5db3a8e78df63c654564bb14a27563f2b46bb2ab0f5>
2026-09-27 08:11:48.194	[RPC0]	WARNING	wallet.wallet2	src/wallet/wallet2.cpp:2523	Received money: 35.174407824253, with tx: <d8c61f9bda333aad43b7ea0096d0c3987a397b1d0642d345a64c0817e81ec66a>
2026-09-27 08:11:48.223	[RPC0]	WARNING	wallet.wallet2	src/wallet/wallet2.cpp:8158	Requested ring size 1 too low, using 16
2026-09-27 08:11:48.232	[RPC0]	WARNING	wallet.wallet2	src/wallet/wallet2.h:2550	amount=35.184070099967, real_output=1, real_output_in_tx_index=0, indexes: 0 4 13 14 19 27 40 41 43 45 46 47 48 64 70 139 
2026-09-27 08:11:48.233	[RPC0]	WARNING	wallet.wallet2	src/wallet/wallet2.h:2550	amount=35.184070099967, real_output=1, real_output_in_tx_index=0, indexes: 0 4 13 14 19 27 40 41 43 45 46 47 48 64 70 139 
2026-09-27 08:11:48.245	[RPC0]	WARNING	wallet.wallet2	src/wallet/wallet2.h:2550	amount=35.184070099967, real_output=0, real_output_in_tx_index=0, indexes: 4 7 18 32 37 45 52 57 59 62 69 70 73 78 79 80 
2026-09-27 08:11:48.245	[RPC0]	WARNING	wallet.wallet2	src/wallet/wallet2.h:2550	amount=0.001000000000, real_output=14, real_output_in_tx_index=0, indexes: 4 7 10 16 24 38 47 50 53 65 66 75 80 86 138 139 
2026-09-27 08:11:48.247	[RPC0]	WARNING	wallet.wallet2	src/wallet/wallet2.h:2550	amount=35.184070099967, real_output=0, real_output_in_tx_index=0, indexes: 4 7 18 32 37 45 52 57 59 62 69 70 73 78 79 80 
2026-09-27 08:11:48.247	[RPC0]	WARNING	wallet.wallet2	src/wallet/wallet2.h:2550	amount=0.001000000000, real_output=14, real_output_in_tx_index=0, indexes: 4 7 10 16 24 38 47 50 53 65 66 75 80 86 138 139 
2026-09-27 08:11:48.375	[RPC0]	WARNING	wallet.wallet2	src/wallet/wallet2.cpp:8158	Requested ring size 1 too low, using 16
2026-09-27 08:11:48.386	[RPC0]	WARNING	wallet.wallet2	src/wallet/wallet2.h:2550	amount=35.184002991679, real_output=0, real_output_in_tx_index=0, indexes: 5 6 8 10 22 29 35 51 57 60 61 69 72 75 80 86 
2026-09-27 08:11:48.387	[RPC0]	WARNING	wallet.wallet2	src/wallet/wallet2.h:2550	amount=35.184002991679, real_output=0, real_output_in_tx_index=0, indexes: 5 6 8 10 22 29 35 51 57 60 61 69 72 75 80 86 
2026-09-27 08:11:48.400	[RPC0]	WARNING	wallet.wallet2	src/wallet/wallet2.h:2550	amount=35.184002991679, real_output=0, real_output_in_tx_index=0, indexes: 5 6 12 16 30 31 35 36 44 51 56 59 63 67 83 86 
2026-09-27 08:11:48.400	[RPC0]	WARNING	wallet.wallet2	src/wallet/wallet2.h:2550	amount=35.178366352419, real_output=14, real_output_in_tx_index=0, indexes: 10 17 19 26 30 34 35 39 43 45 51 68 75 78 89 138 
2026-09-27 08:11:48.402	[RPC0]	WARNING	wallet.wallet2	src/wallet/wallet2.h:2550	amount=35.184002991679, real_output=0, real_output_in_tx_index=0, indexes: 5 6 12 16 30 31 35 36 44 51 56 59 63 67 83 86 
2026-09-27 08:11:48.402	[RPC0]	WARNING	wallet.wallet2	src/wallet/wallet2.h:2550	amount=35.178366352419, real_output=14, real_output_in_tx_index=0, indexes: 10 17 19 26 30 34 35 39 43 45 51 68 75 78 89 138 
2026-09-27 08:12:42.465	[RPC0]	WARNING	wallet.wallet2	src/wallet/wallet2.cpp:8158	Requested ring size 1 too low, using 16
2026-09-27 08:12:42.474	[RPC0]	WARNING	wallet.wallet2	src/wallet/wallet2.h:2550	amount=35.183935883519, real_output=0, real_output_in_tx_index=0, indexes: 6 11 25 33 35 51 58 62 65 66 71 88 89 91 138 139 
2026-09-27 08:12:42.475	[RPC0]	WARNING	wallet.wallet2	src/wallet/wallet2.h:2550	amount=35.183935883519, real_output=0, real_output_in_tx_index=0, indexes: 6 11 25 33 35 51 58 62 65 66 71 88 89 91 138 139 
2026-09-27 08:12:42.488	[RPC0]	WARNING	wallet.wallet2	src/wallet/wallet2.h:2550	amount=35.183935883519, real_output=1, real_output_in_tx_index=0, indexes: 0 6 8 13 19 27 32 45 52 55 70 75 77 91 102 103 
2026-09-27 08:12:42.488	[RPC0]	WARNING	wallet.wallet2	src/wallet/wallet2.h:2550	amount=35.178433449956, real_output=13, real_output_in_tx_index=0, indexes: 19 20 23 27 35 45 46 52 56 67 72 83 85 88 98 100 
2026-09-27 08:12:42.489	[RPC0]	WARNING	wallet.wallet2	src/wallet/wallet2.h:2550	amount=35.183935883519, real_output=1, real_output_in_tx_index=0, indexes: 0 6 8 13 19 27 32 45 52 55 70 75 77 91 102 103 
2026-09-27 08:12:42.489	[RPC0]	WARNING	wallet.wallet2	src/wallet/wallet2.h:2550	amount=35.178433449956, real_output=13, real_output_in_tx_index=0, indexes: 19 20 23 27 35 45 46 52 56 67 72 83 85 88 98 100 
2026-09-27 08:12:57.550	[RPC0]	WARNING	wallet.wallet2	src/wallet/wallet2.cpp:2523	Received money: 35.174340734394, with tx: <fbb71c3f594ead5a0d9c2955a66a3cc8481894487d45f6d08fd6dab63e3749ac>
2026-09-27 08:12:57.551	[RPC0]	WARNING	wallet.wallet2	src/wallet/wallet2.cpp:2523	Received money: 35.174273644664, with tx: <a74f44fa53a39241982071f5194e4209b74078c81895787836623809cb2c1653>
2026-09-27 08:12:57.551	[RPC0]	WARNING	wallet.wallet2	src/wallet/wallet2.cpp:2523	Received money: 35.174206555061, with tx: <6998ddd87869e2c3d9ac9cea864b9b3fcc20e73ffae6fe05d545375749b32bec>
2026-09-27 08:12:57.551	[RPC0]	WARNING	wallet.wallet2	src/wallet/wallet2.cpp:2523	Received money: 35.174139465586, with tx: <65f1acf67e7c54bdd43e253e98e5dde185be979e8516fa45c0df5f9447ebcb92>
2026-09-27 08:12:57.551	[RPC0]	WARNING	wallet.wallet2	src/wallet/wallet2.cpp:2523	Received money: 35.174072376239, with tx: <743dc86d47c4fcdb9e07b41850d942a2e67e45f116b4b12577d28809105e21c9>
2026-09-27 08:12:57.551	[RPC0]	WARNING	wallet.wallet2	src/wallet/wallet2.cpp:2523	Received money: 35.174005287020, with tx: <e37a8115f4b0f109f70b79700d4d01449fd324c1ca87714069747ce43a3532a4>
2026-09-27 08:12:57.552	[RPC0]	WARNING	wallet.wallet2	src/wallet/wallet2.cpp:2523	Received money: 35.173938197929, with tx: <5dee1776917a6d37aae84ff49f29dc60c837701c81a196f4b82fb04762738618>
2026-09-27 08:12:57.552	[RPC0]	WARNING	wallet.wallet2	src/wallet/wallet2.cpp:2523	Received money: 35.173871108967, with tx: <abe0a76419d6740e30399aaba9bc69bb65dd3cbdbcb5c044056a428f7349f944>
2026-09-27 08:12:57.552	[RPC0]	WARNING	wallet.wallet2	src/wallet/wallet2.cpp:2523	Received money: 35.173804020132, with tx: <5544eaec1be6e9876db01051f76a8185fba46fd45b256d04650e999f2539ec08>
2026-09-27 08:12:57.552	[RPC0]	WARNING	wallet.wallet2	src/wallet/wallet2.cpp:2523	Received money: 35.173736931425, with tx: <90bba174c9b37b401e8e5cb9343b038df425475e0705a5494f9f0438d36ad44b>
2026-09-27 08:12:57.552	[RPC0]	WARNING	wallet.wallet2	src/wallet/wallet2.cpp:2523	Received money: 35.173669842845, with tx: <18e57fca728b640d71f91f8e6ea5ea8a9fa087f42d782e2bb5bfe10c16942624>
2026-09-27 08:12:57.553	[RPC0]	WARNING	wallet.wallet2	src/wallet/wallet2.cpp:2523	Received money: 35.173602754394, with tx: <7c2d31cbfb52ce2cbb3d92be8ebe9fb3c318a1251154d2bffab9447b8316dc2d>
2026-09-27 08:12:57.553	[RPC0]	WARNING	wallet.wallet2	src/wallet/wallet2.cpp:2523	Received money: 35.173535666071, with tx: <8ada9ae05be31c3d749aedcc5bfa423524998383b6d2b0e912a4df0b4a1f056c>
2026-09-27 08:12:57.553	[RPC0]	WARNING	wallet.wallet2	src/wallet/wallet2.cpp:2523	Received money: 35.173468577876, with tx: <73186f20707abe8c281176d6fad9fa5b2fd55daa6489e759eb8822a4c3fc3633>
2026-09-27 08:13:29.537	[RPC0]	ERROR	wallet.wallet2	src/wallet/wallet2.cpp:14967	!r. THROW EXCEPTION: tools::error::no_connection_to_daemon
2026-09-27 08:13:29.537	[RPC0]	INFO	stacktrace	src/common/stack_trace.cpp:133	Exception: tools::error::no_connection_to_daemon
2026-09-27 08:13:29.537	[RPC0]	INFO	stacktrace	src/common/stack_trace.cpp:134	Unwound call stack:
2026-09-27 08:13:29.537	[RPC0]	INFO	stacktrace	src/common/stack_trace.cpp:172	    [1]  0xad) [0x55fd18590775]:__cxa_throw+0xad) [0x55fd18590775]
2026-09-27 08:13:29.537	[RPC0]	INFO	stacktrace	src/common/stack_trace.cpp:172	    [2] monero-wallet-rpc(+0x101988) [0x55fd1855e988] 
2026-09-27 08:13:29.537	[RPC0]	INFO	stacktrace	src/common/stack_trace.cpp:172	    [3] monero-wallet-rpc(+0x3452cc) [0x55fd187a22cc] 
2026-09-27 08:13:29.537	[RPC0]	INFO	stacktrace	src/common/stack_trace.cpp:172	    [4] monero-wallet-rpc(+0x3ae66b) [0x55fd1880b66b] 
2026-09-27 08:13:29.537	[RPC0]	INFO	stacktrace	src/common/stack_trace.cpp:172	    [5] monero-wallet-rpc(+0x3af4ce) [0x55fd1880c4ce] 
2026-09-27 08:13:29.537	[RPC0]	INFO	stacktrace	src/common/stack_trace.cpp:172	    [6] monero-wallet-rpc(+0x3b0779) [0x55fd1880d779] 
2026-09-27 08:13:29.537	[RPC0]	INFO	stacktrace	src/common/stack_trace.cpp:172	    [7] monero-wallet-rpc(+0x62ef5b) [0x55fd18a8bf5b] 
2026-09-27 08:13:29.537	[RPC0]	INFO	stacktrace	src/common/stack_trace.cpp:172	    [8] monero-wallet-rpc(+0x62f1f2) [0x55fd18a8c1f2] 
2026-09-27 08:13:29.537	[RPC0]	INFO	stacktrace	src/common/stack_trace.cpp:172	    [9] monero-wallet-rpc(+0x3f064e) [0x55fd1884d64e] 
2026-09-27 08:13:29.537	[RPC0]	INFO	stacktrace	src/common/stack_trace.cpp:172	    [10] monero-wallet-rpc(+0x19901d) [0x55fd185f601d] 
2026-09-27 08:13:29.537	[RPC0]	INFO	stacktrace	src/common/stack_trace.cpp:172	    [11] monero-wallet-rpc(+0x1a1432) [0x55fd185fe432] 
2026-09-27 08:13:29.537	[RPC0]	INFO	stacktrace	src/common/stack_trace.cpp:172	    [12] monero-wallet-rpc(+0x18d88f) [0x55fd185ea88f] 
2026-09-27 08:13:29.537	[RPC0]	INFO	stacktrace	src/common/stack_trace.cpp:172	    [13] monero-wallet-rpc(+0x1ef579) [0x55fd1864c579] 
2026-09-27 08:13:29.537	[RPC0]	INFO	stacktrace	src/common/stack_trace.cpp:172	    [14] monero-wallet-rpc(+0x1979a1) [0x55fd185f49a1] 
2026-09-27 08:13:29.537	[RPC0]	INFO	stacktrace	src/common/stack_trace.cpp:172	    [15] monero-wallet-rpc(+0x20f00a) [0x55fd1866c00a] 
2026-09-27 08:13:29.537	[RPC0]	INFO	stacktrace	src/common/stack_trace.cpp:172	    [16]  0x1699f) [0x7f0000b6299f]:_64-linux-gnu/libboost_thread.so.1.83.0(+0x1699f) [0x7f0000b6299f]
2026-09-27 08:13:29.537	[RPC0]	INFO	stacktrace	src/common/stack_trace.cpp:172	    [17]  0x9caa4) [0x7effffa9caa4]:_64-linux-gnu/libc.so.6(+0x9caa4) [0x7effffa9caa4]
2026-09-27 08:13:29.537	[RPC0]	INFO	stacktrace	src/common/stack_trace.cpp:172	    [18]  0x129c6c) [0x7effffb29c6c]:_64-linux-gnu/libc.so.6(+0x129c6c) [0x7effffb29c6c]
2026-09-27 08:13:29.537	[RPC0]	INFO	stacktrace	src/common/stack_trace.cpp:172	
2026-09-27 08:13:29.538	[RPC0]	INFO	stacktrace	src/common/stack_trace.cpp:133	Exception: boost::exception_detail::clone_impl<boost::system::system_error>
2026-09-27 08:13:29.538	[RPC0]	INFO	stacktrace	src/common/stack_trace.cpp:134	Unwound call stack:
2026-09-27 08:13:29.538	[RPC0]	INFO	stacktrace	src/common/stack_trace.cpp:172	    [1]  0xad) [0x55fd18590775]:__cxa_throw+0xad) [0x55fd18590775]
2026-09-27 08:13:29.538	[RPC0]	INFO	stacktrace	src/common/stack_trace.cpp:172	    [2] monero-wallet-rpc(+0x15fcb0) [0x55fd185bccb0] 
2026-09-27 08:13:29.538	[RPC0]	INFO	stacktrace	src/common/stack_trace.cpp:172	    [3] monero-wallet-rpc(+0x79349c) [0x55fd18bf049c] 
2026-09-27 08:13:29.538	[RPC0]	INFO	stacktrace	src/common/stack_trace.cpp:172	    [4] monero-wallet-rpc(+0x794963) [0x55fd18bf1963] 
2026-09-27 08:13:29.538	[RPC0]	INFO	stacktrace	src/common/stack_trace.cpp:172	    [5] monero-wallet-rpc(+0x794fc1) [0x55fd18bf1fc1] 
2026-09-27 08:13:29.538	[RPC0]	INFO	stacktrace	src/common/stack_trace.cpp:172	    [6] monero-wallet-rpc(+0x77a80f) [0x55fd18bd780f] 
2026-09-27 08:13:29.538	[RPC0]	INFO	stacktrace	src/common/stack_trace.cpp:172	    [7] monero-wallet-rpc(+0x77b3f4) [0x55fd18bd83f4] 
2026-09-27 08:13:29.538	[RPC0]	INFO	stacktrace	src/common/stack_trace.cpp:172	    [8] monero-wallet-rpc(+0x77b916) [0x55fd18bd8916] 
2026-09-27 08:13:29.538	[RPC0]	INFO	stacktrace	src/common/stack_trace.cpp:172	    [9] monero-wallet-rpc(+0x78e31a) [0x55fd18beb31a] 
2026-09-27 08:13:29.538	[RPC0]	INFO	stacktrace	src/common/stack_trace.cpp:172	    [10] monero-wallet-rpc(+0x4c5161) [0x55fd18922161] 
2026-09-27 08:13:29.538	[RPC0]	INFO	stacktrace	src/common/stack_trace.cpp:172	    [11] monero-wallet-rpc(+0x3ae622) [0x55fd1880b622] 
2026-09-27 08:13:29.538	[RPC0]	INFO	stacktrace	src/common/stack_trace.cpp:172	    [12] monero-wallet-rpc(+0x3af4ce) [0x55fd1880c4ce] 
2026-09-27 08:13:29.538	[RPC0]	INFO	stacktrace	src/common/stack_trace.cpp:172	    [13] monero-wallet-rpc(+0x3b0779) [0x55fd1880d779] 
2026-09-27 08:13:29.538	[RPC0]	INFO	stacktrace	src/common/stack_trace.cpp:172	    [14] monero-wallet-rpc(+0x62ef5b) [0x55fd18a8bf5b] 
2026-09-27 08:13:29.538	[RPC0]	INFO	stacktrace	src/common/stack_trace.cpp:172	    [15] monero-wallet-rpc(+0x62f1f2) [0x55fd18a8c1f2] 
2026-09-27 08:13:29.538	[RPC0]	INFO	stacktrace	src/common/stack_trace.cpp:172	    [16] monero-wallet-rpc(+0x3f064e) [0x55fd1884d64e] 
2026-09-27 08:13:29.538	[RPC0]	INFO	stacktrace	src/common/stack_trace.cpp:172	    [17] monero-wallet-rpc(+0x19901d) [0x55fd185f601d] 
2026-09-27 08:13:29.538	[RPC0]	INFO	stacktrace	src/common/stack_trace.cpp:172	    [18] monero-wallet-rpc(+0x1a1432) [0x55fd185fe432] 
2026-09-27 08:13:29.538	[RPC0]	INFO	stacktrace	src/common/stack_trace.cpp:172	    [19] monero-wallet-rpc(+0x18d88f) [0x55fd185ea88f] 
2026-09-27 08:13:29.538	[RPC0]	INFO	stacktrace	src/common/stack_trace.cpp:172	    [20] monero-wallet-rpc(+0x1ef579) [0x55fd1864c579] 
2026-09-27 08:13:29.538	[RPC0]	INFO	stacktrace	src/common/stack_trace.cpp:172	    [21] monero-wallet-rpc(+0x1979a1) [0x55fd185f49a1] 
2026-09-27 08:13:29.538	[RPC0]	INFO	stacktrace	src/common/stack_trace.cpp:172	    [22] monero-wallet-rpc(+0x20f00a) [0x55fd1866c00a] 
2026-09-27 08:13:29.538	[RPC0]	INFO	stacktrace	src/common/stack_trace.cpp:172	    [23]  0x1699f) [0x7f0000b6299f]:_64-linux-gnu/libboost_thread.so.1.83.0(+0x1699f) [0x7f0000b6299f]
2026-09-27 08:13:29.538	[RPC0]	INFO	stacktrace	src/common/stack_trace.cpp:172	    [24]  0x9caa4) [0x7effffa9caa4]:_64-linux-gnu/libc.so.6(+0x9caa4) [0x7effffa9caa4]
2026-09-27 08:13:29.538	[RPC0]	INFO	stacktrace	src/common/stack_trace.cpp:172	    [25]  0x129c6c) [0x7effffb29c6c]:_64-linux-gnu/libc.so.6(+0x129c6c) [0x7effffb29c6c]
2026-09-27 08:13:29.538	[RPC0]	INFO	stacktrace	src/common/stack_trace.cpp:172	
2026-09-27 08:13:29.538	[RPC0]	ERROR	wallet.wallet2	src/wallet/wallet2.cpp:14967	!r. THROW EXCEPTION: tools::error::no_connection_to_daemon
2026-09-27 08:13:29.538	[RPC0]	INFO	stacktrace	src/common/stack_trace.cpp:133	Exception: tools::error::no_connection_to_daemon
2026-09-27 08:13:29.538	[RPC0]	INFO	stacktrace	src/common/stack_trace.cpp:134	Unwound call stack:
2026-09-27 08:13:29.538	[RPC0]	INFO	stacktrace	src/common/stack_trace.cpp:172	    [1]  0xad) [0x55fd18590775]:__cxa_throw+0xad) [0x55fd18590775]
2026-09-27 08:13:29.538	[RPC0]	INFO	stacktrace	src/common/stack_trace.cpp:172	    [2] monero-wallet-rpc(+0x101988) [0x55fd1855e988] 
2026-09-27 08:13:29.538	[RPC0]	INFO	stacktrace	src/common/stack_trace.cpp:172	    [3] monero-wallet-rpc(+0x3452cc) [0x55fd187a22cc] 
2026-09-27 08:13:29.538	[RPC0]	INFO	stacktrace	src/common/stack_trace.cpp:172	    [4] monero-wallet-rpc(+0x3ae66b) [0x55fd1880b66b] 
2026-09-27 08:13:29.538	[RPC0]	INFO	stacktrace	src/common/stack_trace.cpp:172	    [5] monero-wallet-rpc(+0x3af4ce) [0x55fd1880c4ce] 
2026-09-27 08:13:29.538	[RPC0]	INFO	stacktrace	src/common/stack_trace.cpp:172	    [6] monero-wallet-rpc(+0x3b0779) [0x55fd1880d779] 
2026-09-27 08:13:29.538	[RPC0]	INFO	stacktrace	src/common/stack_trace.cpp:172	    [7] monero-wallet-rpc(+0x62ef5b) [0x55fd18a8bf5b] 
2026-09-27 08:13:29.538	[RPC0]	INFO	stacktrace	src/common/stack_trace.cpp:172	    [8] monero-wallet-rpc(+0x62f1f2) [0x55fd18a8c1f2] 
2026-09-27 08:13:29.538	[RPC0]	INFO	stacktrace	src/common/stack_trace.cpp:172	    [9] monero-wallet-rpc(+0x3f064e) [0x55fd1884d64e] 
2026-09-27 08:13:29.538	[RPC0]	INFO	stacktrace	src/common/stack_trace.cpp:172	    [10] monero-wallet-rpc(+0x19901d) [0x55fd185f601d] 
2026-09-27 08:13:29.538	[RPC0]	INFO	stacktrace	src/common/stack_trace.cpp:172	    [11] monero-wallet-rpc(+0x1a1432) [0x55fd185fe432] 
2026-09-27 08:13:29.538	[RPC0]	INFO	stacktrace	src/common/stack_trace.cpp:172	    [12] monero-wallet-rpc(+0x18d88f) [0x55fd185ea88f] 
2026-09-27 08:13:29.538	[RPC0]	INFO	stacktrace	src/common/stack_trace.cpp:172	    [13] monero-wallet-rpc(+0x1ef579) [0x55fd1864c579] 
2026-09-27 08:13:29.538	[RPC0]	INFO	stacktrace	src/common/stack_trace.cpp:172	    [14] monero-wallet-rpc(+0x1979a1) [0x55fd185f49a1] 
2026-09-27 08:13:29.538	[RPC0]	INFO	stacktrace	src/common/stack_trace.cpp:172	    [15] monero-wallet-rpc(+0x20f00a) [0x55fd1866c00a] 
2026-09-27 08:13:29.538	[RPC0]	INFO	stacktrace	src/common/stack_trace.cpp:172	    [16]  0x1699f) [0x7f0000b6299f]:_64-linux-gnu/libboost_thread.so.1.83.0(+0x1699f) [0x7f0000b6299f]
2026-09-27 08:13:29.538	[RPC0]	INFO	stacktrace	src/common/stack_trace.cpp:172	    [17]  0x9caa4) [0x7effffa9caa4]:_64-linux-gnu/libc.so.6(+0x9caa4) [0x7effffa9caa4]
2026-09-27 08:13:29.538	[RPC0]	INFO	stacktrace	src/common/stack_trace.cpp:172	    [18]  0x129c6c) [0x7effffb29c6c]:_64-linux-gnu/libc.so.6(+0x129c6c) [0x7effffb29c6c]
2026-09-27 08:13:29.538	[RPC0]	INFO	stacktrace	src/common/stack_trace.cpp:172	
2026-09-27 08:13:29.539	[RPC0]	INFO	stacktrace	src/common/stack_trace.cpp:133	Exception: boost::exception_detail::clone_impl<boost::system::system_error>
2026-09-27 08:13:29.539	[RPC0]	INFO	stacktrace	src/common/stack_trace.cpp:134	Unwound call stack:
2026-09-27 08:13:29.539	[RPC0]	INFO	stacktrace	src/common/stack_trace.cpp:172	    [1]  0xad) [0x55fd18590775]:__cxa_throw+0xad) [0x55fd18590775]
2026-09-27 08:13:29.539	[RPC0]	INFO	stacktrace	src/common/stack_trace.cpp:172	    [2] monero-wallet-rpc(+0x15fcb0) [0x55fd185bccb0] 
2026-09-27 08:13:29.539	[RPC0]	INFO	stacktrace	src/common/stack_trace.cpp:172	    [3] monero-wallet-rpc(+0x79349c) [0x55fd18bf049c] 
2026-09-27 08:13:29.539	[RPC0]	INFO	stacktrace	src/common/stack_trace.cpp:172	    [4] monero-wallet-rpc(+0x794963) [0x55fd18bf1963] 
2026-09-27 08:13:29.539	[RPC0]	INFO	stacktrace	src/common/stack_trace.cpp:172	    [5] monero-wallet-rpc(+0x794fc1) [0x55fd18bf1fc1] 
2026-09-27 08:13:29.539	[RPC0]	INFO	stacktrace	src/common/stack_trace.cpp:172	    [6] monero-wallet-rpc(+0x77a80f) [0x55fd18bd780f] 
2026-09-27 08:13:29.539	[RPC0]	INFO	stacktrace	src/common/stack_trace.cpp:172	    [7] monero-wallet-rpc(+0x77b3f4) [0x55fd18bd83f4] 
2026-09-27 08:13:29.539	[RPC0]	INFO	stacktrace	src/common/stack_trace.cpp:172	    [8] monero-wallet-rpc(+0x77b916) [0x55fd18bd8916] 
2026-09-27 08:13:29.539	[RPC0]	INFO	stacktrace	src/common/stack_trace.cpp:172	    [9] monero-wallet-rpc(+0x78e31a) [0x55fd18beb31a] 
2026-09-27 08:13:29.539	[RPC0]	INFO	stacktrace	src/common/stack_trace.cpp:172	    [10] monero-wallet-rpc(+0x4c5161) [0x55fd18922161] 
2026-09-27 08:13:29.539	[RPC0]	INFO	stacktrace	src/common/stack_trace.cpp:172	    [11] monero-wallet-rpc(+0x3ae622) [0x55fd1880b622] 
2026-09-27 08:13:29.539	[RPC0]	INFO	stacktrace	src/common/stack_trace.cpp:172	    [12] monero-wallet-rpc(+0x3af4ce) [0x55fd1880c4ce] 
2026-09-27 08:13:29.539	[RPC0]	INFO	stacktrace	src/common/stack_trace.cpp:172	    [13] monero-wallet-rpc(+0x3b0779) [0x55fd1880d779] 
2026-09-27 08:13:29.539	[RPC0]	INFO	stacktrace	src/common/stack_trace.cpp:172	    [14] monero-wallet-rpc(+0x62ef5b) [0x55fd18a8bf5b] 
2026-09-27 08:13:29.539	[RPC0]	INFO	stacktrace	src/common/stack_trace.cpp:172	    [15] monero-wallet-rpc(+0x62f1f2) [0x55fd18a8c1f2] 
2026-09-27 08:13:29.539	[RPC0]	INFO	stacktrace	src/common/stack_trace.cpp:172	    [16] monero-wallet-rpc(+0x3f064e) [0x55fd1884d64e] 
2026-09-27 08:13:29.539	[RPC0]	INFO	stacktrace	src/common/stack_trace.cpp:172	    [17] monero-wallet-rpc(+0x19901d) [0x55fd185f601d] 
2026-09-27 08:13:29.539	[RPC0]	INFO	stacktrace	src/common/stack_trace.cpp:172	    [18] monero-wallet-rpc(+0x1a1432) [0x55fd185fe432] 
2026-09-27 08:13:29.539	[RPC0]	INFO	stacktrace	src/common/stack_trace.cpp:172	    [19] monero-wallet-rpc(+0x18d88f) [0x55fd185ea88f] 
2026-09-27 08:13:29.539	[RPC0]	INFO	stacktrace	src/common/stack_trace.cpp:172	    [20] monero-wallet-rpc(+0x1ef579) [0x55fd1864c579] 
2026-09-27 08:13:29.539	[RPC0]	INFO	stacktrace	src/common/stack_trace.cpp:172	    [21] monero-wallet-rpc(+0x1979a1) [0x55fd185f49a1] 
2026-09-27 08:13:29.539	[RPC0]	INFO	stacktrace	src/common/stack_trace.cpp:172	    [22] monero-wallet-rpc(+0x20f00a) [0x55fd1866c00a] 
2026-09-27 08:13:29.539	[RPC0]	INFO	stacktrace	src/common/stack_trace.cpp:172	    [23]  0x1699f) [0x7f0000b6299f]:_64-linux-gnu/libboost_thread.so.1.83.0(+0x1699f) [0x7f0000b6299f]
2026-09-27 08:13:29.539	[RPC0]	INFO	stacktrace	src/common/stack_trace.cpp:172	    [24]  0x9caa4) [0x7effffa9caa4]:_64-linux-gnu/libc.so.6(+0x9caa4) [0x7effffa9caa4]
2026-09-27 08:13:29.539	[RPC0]	INFO	stacktrace	src/common/stack_trace.cpp:172	    [25]  0x129c6c) [0x7effffb29c6c]:_64-linux-gnu/libc.so.6(+0x129c6c) [0x7effffb29c6c]
2026-09-27 08:13:29.539	[RPC0]	INFO	stacktrace	src/common/stack_trace.cpp:172	
2026-09-27 08:13:29.539	[RPC0]	ERROR	wallet.wallet2	src/wallet/wallet2.cpp:14967	!r. THROW EXCEPTION: tools::error::no_connection_to_daemon
2026-09-27 08:13:29.539	[RPC0]	INFO	stacktrace	src/common/stack_trace.cpp:133	Exception: tools::error::no_connection_to_daemon
2026-09-27 08:13:29.539	[RPC0]	INFO	stacktrace	src/common/stack_trace.cpp:134	Unwound call stack:
2026-09-27 08:13:29.539	[RPC0]	INFO	stacktrace	src/common/stack_trace.cpp:172	    [1]  0xad) [0x55fd18590775]:__cxa_throw+0xad) [0x55fd18590775]
2026-09-27 08:13:29.539	[RPC0]	INFO	stacktrace	src/common/stack_trace.cpp:172	    [2] monero-wallet-rpc(+0x101988) [0x55fd1855e988] 
2026-09-27 08:13:29.539	[RPC0]	INFO	stacktrace	src/common/stack_trace.cpp:172	    [3] monero-wallet-rpc(+0x3452cc) [0x55fd187a22cc] 
2026-09-27 08:13:29.539	[RPC0]	INFO	stacktrace	src/common/stack_trace.cpp:172	    [4] monero-wallet-rpc(+0x3ae66b) [0x55fd1880b66b] 
2026-09-27 08:13:29.539	[RPC0]	INFO	stacktrace	src/common/stack_trace.cpp:172	    [5] monero-wallet-rpc(+0x3af4ce) [0x55fd1880c4ce] 
2026-09-27 08:13:29.539	[RPC0]	INFO	stacktrace	src/common/stack_trace.cpp:172	    [6] monero-wallet-rpc(+0x3b0779) [0x55fd1880d779] 
2026-09-27 08:13:29.539	[RPC0]	INFO	stacktrace	src/common/stack_trace.cpp:172	    [7] monero-wallet-rpc(+0x62ef5b) [0x55fd18a8bf5b] 
2026-09-27 08:13:29.539	[RPC0]	INFO	stacktrace	src/common/stack_trace.cpp:172	    [8] monero-wallet-rpc(+0x62f1f2) [0x55fd18a8c1f2] 
2026-09-27 08:13:29.539	[RPC0]	INFO	stacktrace	src/common/stack_trace.cpp:172	    [9] monero-wallet-rpc(+0x3f064e) [0x55fd1884d64e] 
2026-09-27 08:13:29.539	[RPC0]	INFO	stacktrace	src/common/stack_trace.cpp:172	    [10] monero-wallet-rpc(+0x19901d) [0x55fd185f601d] 
2026-09-27 08:13:29.539	[RPC0]	INFO	stacktrace	src/common/stack_trace.cpp:172	    [11] monero-wallet-rpc(+0x1a1432) [0x55fd185fe432] 
2026-09-27 08:13:29.539	[RPC0]	INFO	stacktrace	src/common/stack_trace.cpp:172	    [12] monero-wallet-rpc(+0x18d88f) [0x55fd185ea88f] 
2026-09-27 08:13:29.539	[RPC0]	INFO	stacktrace	src/common/stack_trace.cpp:172	    [13] monero-wallet-rpc(+0x1ef579) [0x55fd1864c579] 
2026-09-27 08:13:29.539	[RPC0]	INFO	stacktrace	src/common/stack_trace.cpp:172	    [14] monero-wallet-rpc(+0x1979a1) [0x55fd185f49a1] 
2026-09-27 08:13:29.539	[RPC0]	INFO	stacktrace	src/common/stack_trace.cpp:172	    [15] monero-wallet-rpc(+0x20f00a) [0x55fd1866c00a] 
2026-09-27 08:13:29.539	[RPC0]	INFO	stacktrace	src/common/stack_trace.cpp:172	    [16]  0x1699f) [0x7f0000b6299f]:_64-linux-gnu/libboost_thread.so.1.83.0(+0x1699f) [0x7f0000b6299f]
2026-09-27 08:13:29.539	[RPC0]	INFO	stacktrace	src/common/stack_trace.cpp:172	    [17]  0x9caa4) [0x7effffa9caa4]:_64-linux-gnu/libc.so.6(+0x9caa4) [0x7effffa9caa4]
2026-09-27 08:13:29.539	[RPC0]	INFO	stacktrace	src/common/stack_trace.cpp:172	    [18]  0x129c6c) [0x7effffb29c6c]:_64-linux-gnu/libc.so.6(+0x129c6c) [0x7effffb29c6c]
2026-09-27 08:13:29.539	[RPC0]	INFO	stacktrace	src/common/stack_trace.cpp:172	
2026-09-27 08:13:29.539	[RPC0]	INFO	stacktrace	src/common/stack_trace.cpp:133	Exception: boost::exception_detail::clone_impl<boost::system::system_error>
2026-09-27 08:13:29.539	[RPC0]	INFO	stacktrace	src/common/stack_trace.cpp:134	Unwound call stack:
2026-09-27 08:13:29.540	[RPC0]	INFO	stacktrace	src/common/stack_trace.cpp:172	    [1]  0xad) [0x55fd18590775]:__cxa_throw+0xad) [0x55fd18590775]
2026-09-27 08:13:29.540	[RPC0]	INFO	stacktrace	src/common/stack_trace.cpp:172	    [2] monero-wallet-rpc(+0x15fcb0) [0x55fd185bccb0] 
2026-09-27 08:13:29.540	[RPC0]	INFO	stacktrace	src/common/stack_trace.cpp:172	    [3] monero-wallet-rpc(+0x79349c) [0x55fd18bf049c] 
2026-09-27 08:13:29.540	[RPC0]	INFO	stacktrace	src/common/stack_trace.cpp:172	    [4] monero-wallet-rpc(+0x794963) [0x55fd18bf1963] 
2026-09-27 08:13:29.540	[RPC0]	INFO	stacktrace	src/common/stack_trace.cpp:172	    [5] monero-wallet-rpc(+0x794fc1) [0x55fd18bf1fc1] 
2026-09-27 08:13:29.540	[RPC0]	INFO	stacktrace	src/common/stack_trace.cpp:172	    [6] monero-wallet-rpc(+0x77a80f) [0x55fd18bd780f] 
2026-09-27 08:13:29.540	[RPC0]	INFO	stacktrace	src/common/stack_trace.cpp:172	    [7] monero-wallet-rpc(+0x77b3f4) [0x55fd18bd83f4] 
2026-09-27 08:13:29.540	[RPC0]	INFO	stacktrace	src/common/stack_trace.cpp:172	    [8] monero-wallet-rpc(+0x77b916) [0x55fd18bd8916] 
2026-09-27 08:13:29.540	[RPC0]	INFO	stacktrace	src/common/stack_trace.cpp:172	    [9] monero-wallet-rpc(+0x78e31a) [0x55fd18beb31a] 
2026-09-27 08:13:29.540	[RPC0]	INFO	stacktrace	src/common/stack_trace.cpp:172	    [10] monero-wallet-rpc(+0x4c5161) [0x55fd18922161] 
2026-09-27 08:13:29.540	[RPC0]	INFO	stacktrace	src/common/stack_trace.cpp:172	    [11] monero-wallet-rpc(+0x3ae622) [0x55fd1880b622] 
2026-09-27 08:13:29.540	[RPC0]	INFO	stacktrace	src/common/stack_trace.cpp:172	    [12] monero-wallet-rpc(+0x3af4ce) [0x55fd1880c4ce] 
2026-09-27 08:13:29.540	[RPC0]	INFO	stacktrace	src/common/stack_trace.cpp:172	    [13] monero-wallet-rpc(+0x3b0779) [0x55fd1880d779] 
2026-09-27 08:13:29.540	[RPC0]	INFO	stacktrace	src/common/stack_trace.cpp:172	    [14] monero-wallet-rpc(+0x62ef5b) [0x55fd18a8bf5b] 
2026-09-27 08:13:29.540	[RPC0]	INFO	stacktrace	src/common/stack_trace.cpp:172	    [15] monero-wallet-rpc(+0x62f1f2) [0x55fd18a8c1f2] 
2026-09-27 08:13:29.540	[RPC0]	INFO	stacktrace	src/common/stack_trace.cpp:172	    [16] monero-wallet-rpc(+0x3f064e) [0x55fd1884d64e] 
2026-09-27 08:13:29.540	[RPC0]	INFO	stacktrace	src/common/stack_trace.cpp:172	    [17] monero-wallet-rpc(+0x19901d) [0x55fd185f601d] 
2026-09-27 08:13:29.540	[RPC0]	INFO	stacktrace	src/common/stack_trace.cpp:172	    [18] monero-wallet-rpc(+0x1a1432) [0x55fd185fe432] 
2026-09-27 08:13:29.540	[RPC0]	INFO	stacktrace	src/common/stack_trace.cpp:172	    [19] monero-wallet-rpc(+0x18d88f) [0x55fd185ea88f] 
2026-09-27 08:13:29.540	[RPC0]	INFO	stacktrace	src/common/stack_trace.cpp:172	    [20] monero-wallet-rpc(+0x1ef579) [0x55fd1864c579] 
2026-09-27 08:13:29.540	[RPC0]	INFO	stacktrace	src/common/stack_trace.cpp:172	    [21] monero-wallet-rpc(+0x1979a1) [0x55fd185f49a1] 
2026-09-27 08:13:29.540	[RPC0]	INFO	stacktrace	src/common/stack_trace.cpp:172	    [22] monero-wallet-rpc(+0x20f00a) [0x55fd1866c00a] 
2026-09-27 08:13:29.540	[RPC0]	INFO	stacktrace	src/common/stack_trace.cpp:172	    [23]  0x1699f) [0x7f0000b6299f]:_64-linux-gnu/libboost_thread.so.1.83.0(+0x1699f) [0x7f0000b6299f]
2026-09-27 08:13:29.540	[RPC0]	INFO	stacktrace	src/common/stack_trace.cpp:172	    [24]  0x9caa4) [0x7effffa9caa4]:_64-linux-gnu/libc.so.6(+0x9caa4) [0x7effffa9caa4]
2026-09-27 08:13:29.540	[RPC0]	INFO	stacktrace	src/common/stack_trace.cpp:172	    [25]  0x129c6c) [0x7effffb29c6c]:_64-linux-gnu/libc.so.6(+0x129c6c) [0x7effffb29c6c]
2026-09-27 08:13:29.540	[RPC0]	INFO	stacktrace	src/common/stack_trace.cpp:172	
2026-09-27 08:13:29.540	[RPC0]	ERROR	wallet.wallet2	src/wallet/wallet2.cpp:14967	!r. THROW EXCEPTION: tools::error::no_connection_to_daemon
2026-09-27 08:13:29.540	[RPC0]	INFO	stacktrace	src/common/stack_trace.cpp:133	Exception: tools::error::no_connection_to_daemon
2026-09-27 08:13:29.540	[RPC0]	INFO	stacktrace	src/common/stack_trace.cpp:134	Unwound call stack:
2026-09-27 08:13:29.540	[RPC0]	INFO	stacktrace	src/common/stack_trace.cpp:172	    [1]  0xad) [0x55fd18590775]:__cxa_throw+0xad) [0x55fd18590775]
2026-09-27 08:13:29.540	[RPC0]	INFO	stacktrace	src/common/stack_trace.cpp:172	    [2] monero-wallet-rpc(+0x101988) [0x55fd1855e988] 
2026-09-27 08:13:29.540	[RPC0]	INFO	stacktrace	src/common/stack_trace.cpp:172	    [3] monero-wallet-rpc(+0x3452cc) [0x55fd187a22cc] 
2026-09-27 08:13:29.540	[RPC0]	INFO	stacktrace	src/common/stack_trace.cpp:172	    [4] monero-wallet-rpc(+0x3ae66b) [0x55fd1880b66b] 
2026-09-27 08:13:29.540	[RPC0]	INFO	stacktrace	src/common/stack_trace.cpp:172	    [5] monero-wallet-rpc(+0x3af4ce) [0x55fd1880c4ce] 
2026-09-27 08:13:29.540	[RPC0]	INFO	stacktrace	src/common/stack_trace.cpp:172	    [6] monero-wallet-rpc(+0x3b0779) [0x55fd1880d779] 
2026-09-27 08:13:29.540	[RPC0]	INFO	stacktrace	src/common/stack_trace.cpp:172	    [7] monero-wallet-rpc(+0x62ef5b) [0x55fd18a8bf5b] 
2026-09-27 08:13:29.540	[RPC0]	INFO	stacktrace	src/common/stack_trace.cpp:172	    [8] monero-wallet-rpc(+0x62f1f2) [0x55fd18a8c1f2] 
2026-09-27 08:13:29.540	[RPC0]	INFO	stacktrace	src/common/stack_trace.cpp:172	    [9] monero-wallet-rpc(+0x3f064e) [0x55fd1884d64e] 
2026-09-27 08:13:29.540	[RPC0]	INFO	stacktrace	src/common/stack_trace.cpp:172	    [10] monero-wallet-rpc(+0x19901d) [0x55fd185f601d] 
2026-09-27 08:13:29.540	[RPC0]	INFO	stacktrace	src/common/stack_trace.cpp:172	    [11] monero-wallet-rpc(+0x1a1432) [0x55fd185fe432] 
2026-09-27 08:13:29.540	[RPC0]	INFO	stacktrace	src/common/stack_trace.cpp:172	    [12] monero-wallet-rpc(+0x18d88f) [0x55fd185ea88f] 
2026-09-27 08:13:29.540	[RPC0]	INFO	stacktrace	src/common/stack_trace.cpp:172	    [13] monero-wallet-rpc(+0x1ef579) [0x55fd1864c579] 
2026-09-27 08:13:29.540	[RPC0]	INFO	stacktrace	src/common/stack_trace.cpp:172	    [14] monero-wallet-rpc(+0x1979a1) [0x55fd185f49a1] 
2026-09-27 08:13:29.540	[RPC0]	INFO	stacktrace	src/common/stack_trace.cpp:172	    [15] monero-wallet-rpc(+0x20f00a) [0x55fd1866c00a] 
2026-09-27 08:13:29.540	[RPC0]	INFO	stacktrace	src/common/stack_trace.cpp:172	    [16]  0x1699f) [0x7f0000b6299f]:_64-linux-gnu/libboost_thread.so.1.83.0(+0x1699f) [0x7f0000b6299f]
2026-09-27 08:13:29.540	[RPC0]	INFO	stacktrace	src/common/stack_trace.cpp:172	    [17]  0x9caa4) [0x7effffa9caa4]:_64-linux-gnu/libc.so.6(+0x9caa4) [0x7effffa9caa4]
2026-09-27 08:13:29.540	[RPC0]	INFO	stacktrace	src/common/stack_trace.cpp:172	    [18]  0x129c6c) [0x7effffb29c6c]:_64-linux-gnu/libc.so.6(+0x129c6c) [0x7effffb29c6c]
2026-09-27 08:13:29.540	[RPC0]	INFO	stacktrace	src/common/stack_trace.cpp:172	
2026-09-27 08:13:29.540	[RPC0]	ERROR	wallet.wallet2	src/wallet/wallet2.cpp:4148	pull_blocks failed, try_count=3
2026-09-27 08:13:29.540	[RPC0]	ERROR	wallet.rpc	src/wallet/wallet_rpc_server.cpp:159	Exception at while refreshing, what=no connection to daemon
2026-09-27 08:13:49.544	[RPC0]	INFO	stacktrace	src/common/stack_trace.cpp:133	Exception: boost::exception_detail::clone_impl<boost::system::system_error>
2026-09-27 08:13:49.544	[RPC0]	INFO	stacktrace	src/common/stack_trace.cpp:134	Unwound call stack:
2026-09-27 08:13:49.544	[RPC0]	INFO	stacktrace	src/common/stack_trace.cpp:172	    [1]  0xad) [0x55fd18590775]:__cxa_throw+0xad) [0x55fd18590775]
2026-09-27 08:13:49.544	[RPC0]	INFO	stacktrace	src/common/stack_trace.cpp:172	    [2] monero-wallet-rpc(+0x15fcb0) [0x55fd185bccb0] 
2026-09-27 08:13:49.544	[RPC0]	INFO	stacktrace	src/common/stack_trace.cpp:172	    [3] monero-wallet-rpc(+0x79349c) [0x55fd18bf049c] 
2026-09-27 08:13:49.544	[RPC0]	INFO	stacktrace	src/common/stack_trace.cpp:172	    [4] monero-wallet-rpc(+0x794963) [0x55fd18bf1963] 
2026-09-27 08:13:49.544	[RPC0]	INFO	stacktrace	src/common/stack_trace.cpp:172	    [5] monero-wallet-rpc(+0x794fc1) [0x55fd18bf1fc1] 
2026-09-27 08:13:49.544	[RPC0]	INFO	stacktrace	src/common/stack_trace.cpp:172	    [6] monero-wallet-rpc(+0x77a80f) [0x55fd18bd780f] 
2026-09-27 08:13:49.544	[RPC0]	INFO	stacktrace	src/common/stack_trace.cpp:172	    [7] monero-wallet-rpc(+0x77b3f4) [0x55fd18bd83f4] 
2026-09-27 08:13:49.544	[RPC0]	INFO	stacktrace	src/common/stack_trace.cpp:172	    [8] monero-wallet-rpc(+0x77b916) [0x55fd18bd8916] 
2026-09-27 08:13:49.544	[RPC0]	INFO	stacktrace	src/common/stack_trace.cpp:172	    [9] monero-wallet-rpc(+0x78e31a) [0x55fd18beb31a] 
2026-09-27 08:13:49.544	[RPC0]	INFO	stacktrace	src/common/stack_trace.cpp:172	    [10] monero-wallet-rpc(+0x4c5161) [0x55fd18922161] 
2026-09-27 08:13:49.544	[RPC0]	INFO	stacktrace	src/common/stack_trace.cpp:172	    [11] monero-wallet-rpc(+0x3ae622) [0x55fd1880b622] 
2026-09-27 08:13:49.544	[RPC0]	INFO	stacktrace	src/common/stack_trace.cpp:172	    [12] monero-wallet-rpc(+0x3af4ce) [0x55fd1880c4ce] 
2026-09-27 08:13:49.544	[RPC0]	INFO	stacktrace	src/common/stack_trace.cpp:172	    [13] monero-wallet-rpc(+0x3b0779) [0x55fd1880d779] 
2026-09-27 08:13:49.544	[RPC0]	INFO	stacktrace	src/common/stack_trace.cpp:172	    [14] monero-wallet-rpc(+0x62ef5b) [0x55fd18a8bf5b] 
2026-09-27 08:13:49.544	[RPC0]	INFO	stacktrace	src/common/stack_trace.cpp:172	    [15] monero-wallet-rpc(+0x62f1f2) [0x55fd18a8c1f2] 
2026-09-27 08:13:49.544	[RPC0]	INFO	stacktrace	src/common/stack_trace.cpp:172	    [16] monero-wallet-rpc(+0x3f064e) [0x55fd1884d64e] 
2026-09-27 08:13:49.544	[RPC0]	INFO	stacktrace	src/common/stack_trace.cpp:172	    [17] monero-wallet-rpc(+0x19901d) [0x55fd185f601d] 
2026-09-27 08:13:49.544	[RPC0]	INFO	stacktrace	src/common/stack_trace.cpp:172	    [18] monero-wallet-rpc(+0x1a1432) [0x55fd185fe432] 
2026-09-27 08:13:49.544	[RPC0]	INFO	stacktrace	src/common/stack_trace.cpp:172	    [19] monero-wallet-rpc(+0x18d88f) [0x55fd185ea88f] 
2026-09-27 08:13:49.544	[RPC0]	INFO	stacktrace	src/common/stack_trace.cpp:172	    [20] monero-wallet-rpc(+0x1ef579) [0x55fd1864c579] 
2026-09-27 08:13:49.544	[RPC0]	INFO	stacktrace	src/common/stack_trace.cpp:172	    [21] monero-wallet-rpc(+0x1979a1) [0x55fd185f49a1] 
2026-09-27 08:13:49.544	[RPC0]	INFO	stacktrace	src/common/stack_trace.cpp:172	    [22] monero-wallet-rpc(+0x20f00a) [0x55fd1866c00a] 
2026-09-27 08:13:49.544	[RPC0]	INFO	stacktrace	src/common/stack_trace.cpp:172	    [23]  0x1699f) [0x7f0000b6299f]:_64-linux-gnu/libboost_thread.so.1.83.0(+0x1699f) [0x7f0000b6299f]
2026-09-27 08:13:49.544	[RPC0]	INFO	stacktrace	src/common/stack_trace.cpp:172	    [24]  0x9caa4) [0x7effffa9caa4]:_64-linux-gnu/libc.so.6(+0x9caa4) [0x7effffa9caa4]
2026-09-27 08:13:49.544	[RPC0]	INFO	stacktrace	src/common/stack_trace.cpp:172	    [25]  0x129c6c) [0x7effffb29c6c]:_64-linux-gnu/libc.so.6(+0x129c6c) [0x7effffb29c6c]
2026-09-27 08:13:49.544	[RPC0]	INFO	stacktrace	src/common/stack_trace.cpp:172	
2026-09-27 08:13:49.545	[RPC0]	ERROR	wallet.wallet2	src/wallet/wallet2.cpp:14967	!r. THROW EXCEPTION: tools::error::no_connection_to_daemon
2026-09-27 08:13:49.545	[RPC0]	INFO	stacktrace	src/common/stack_trace.cpp:133	Exception: tools::error::no_connection_to_daemon
2026-09-27 08:13:49.545	[RPC0]	INFO	stacktrace	src/common/stack_trace.cpp:134	Unwound call stack:
2026-09-27 08:13:49.545	[RPC0]	INFO	stacktrace	src/common/stack_trace.cpp:172	    [1]  0xad) [0x55fd18590775]:__cxa_throw+0xad) [0x55fd18590775]
2026-09-27 08:13:49.545	[RPC0]	INFO	stacktrace	src/common/stack_trace.cpp:172	    [2] monero-wallet-rpc(+0x101988) [0x55fd1855e988] 
2026-09-27 08:13:49.545	[RPC0]	INFO	stacktrace	src/common/stack_trace.cpp:172	    [3] monero-wallet-rpc(+0x3452cc) [0x55fd187a22cc] 
2026-09-27 08:13:49.545	[RPC0]	INFO	stacktrace	src/common/stack_trace.cpp:172	    [4] monero-wallet-rpc(+0x3ae66b) [0x55fd1880b66b] 
2026-09-27 08:13:49.545	[RPC0]	INFO	stacktrace	src/common/stack_trace.cpp:172	    [5] monero-wallet-rpc(+0x3af4ce) [0x55fd1880c4ce] 
2026-09-27 08:13:49.545	[RPC0]	INFO	stacktrace	src/common/stack_trace.cpp:172	    [6] monero-wallet-rpc(+0x3b0779) [0x55fd1880d779] 
2026-09-27 08:13:49.545	[RPC0]	INFO	stacktrace	src/common/stack_trace.cpp:172	    [7] monero-wallet-rpc(+0x62ef5b) [0x55fd18a8bf5b] 
2026-09-27 08:13:49.545	[RPC0]	INFO	stacktrace	src/common/stack_trace.cpp:172	    [8] monero-wallet-rpc(+0x62f1f2) [0x55fd18a8c1f2] 
2026-09-27 08:13:49.545	[RPC0]	INFO	stacktrace	src/common/stack_trace.cpp:172	    [9] monero-wallet-rpc(+0x3f064e) [0x55fd1884d64e] 
2026-09-27 08:13:49.545	[RPC0]	INFO	stacktrace	src/common/stack_trace.cpp:172	    [10] monero-wallet-rpc(+0x19901d) [0x55fd185f601d] 
2026-09-27 08:13:49.545	[RPC0]	INFO	stacktrace	src/common/stack_trace.cpp:172	    [11] monero-wallet-rpc(+0x1a1432) [0x55fd185fe432] 
2026-09-27 08:13:49.545	[RPC0]	INFO	stacktrace	src/common/stack_trace.cpp:172	    [12] monero-wallet-rpc(+0x18d88f) [0x55fd185ea88f] 
2026-09-27 08:13:49.545	[RPC0]	INFO	stacktrace	src/common/stack_trace.cpp:172	    [13] monero-wallet-rpc(+0x1ef579) [0x55fd1864c579] 
2026-09-27 08:13:49.545	[RPC0]	INFO	stacktrace	src/common/stack_trace.cpp:172	    [14] monero-wallet-rpc(+0x1979a1) [0x55fd185f49a1] 
2026-09-27 08:13:49.545	[RPC0]	INFO	stacktrace	src/common/stack_trace.cpp:172	    [15] monero-wallet-rpc(+0x20f00a) [0x55fd1866c00a] 
2026-09-27 08:13:49.545	[RPC0]	INFO	stacktrace	src/common/stack_trace.cpp:172	    [16]  0x1699f) [0x7f0000b6299f]:_64-linux-gnu/libboost_thread.so.1.83.0(+0x1699f) [0x7f0000b6299f]
2026-09-27 08:13:49.545	[RPC0]	INFO	stacktrace	src/common/stack_trace.cpp:172	    [17]  0x9caa4) [0x7effffa9caa4]:_64-linux-gnu/libc.so.6(+0x9caa4) [0x7effffa9caa4]
2026-09-27 08:13:49.545	[RPC0]	INFO	stacktrace	src/common/stack_trace.cpp:172	    [18]  0x129c6c) [0x7effffb29c6c]:_64-linux-gnu/libc.so.6(+0x129c6c) [0x7effffb29c6c]
2026-09-27 08:13:49.546	[RPC0]	INFO	stacktrace	src/common/stack_trace.cpp:172	
2026-09-27 08:13:49.546	[RPC0]	INFO	stacktrace	src/common/stack_trace.cpp:133	Exception: boost::exception_detail::clone_impl<boost::system::system_error>
2026-09-27 08:13:49.546	[RPC0]	INFO	stacktrace	src/common/stack_trace.cpp:134	Unwound call stack:
2026-09-27 08:13:49.546	[RPC0]	INFO	stacktrace	src/common/stack_trace.cpp:172	    [1]  0xad) [0x55fd18590775]:__cxa_throw+0xad) [0x55fd18590775]
2026-09-27 08:13:49.546	[RPC0]	INFO	stacktrace	src/common/stack_trace.cpp:172	    [2] monero-wallet-rpc(+0x15fcb0) [0x55fd185bccb0] 
2026-09-27 08:13:49.546	[RPC0]	INFO	stacktrace	src/common/stack_trace.cpp:172	    [3] monero-wallet-rpc(+0x79349c) [0x55fd18bf049c] 
2026-09-27 08:13:49.546	[RPC0]	INFO	stacktrace	src/common/stack_trace.cpp:172	    [4] monero-wallet-rpc(+0x794963) [0x55fd18bf1963] 
2026-09-27 08:13:49.546	[RPC0]	INFO	stacktrace	src/common/stack_trace.cpp:172	    [5] monero-wallet-rpc(+0x794fc1) [0x55fd18bf1fc1] 
2026-09-27 08:13:49.546	[RPC0]	INFO	stacktrace	src/common/stack_trace.cpp:172	    [6] monero-wallet-rpc(+0x77a80f) [0x55fd18bd780f] 
2026-09-27 08:13:49.546	[RPC0]	INFO	stacktrace	src/common/stack_trace.cpp:172	    [7] monero-wallet-rpc(+0x77b3f4) [0x55fd18bd83f4] 
2026-09-27 08:13:49.546	[RPC0]	INFO	stacktrace	src/common/stack_trace.cpp:172	    [8] monero-wallet-rpc(+0x77b916) [0x55fd18bd8916] 
2026-09-27 08:13:49.546	[RPC0]	INFO	stacktrace	src/common/stack_trace.cpp:172	    [9] monero-wallet-rpc(+0x78e31a) [0x55fd18beb31a] 
2026-09-27 08:13:49.546	[RPC0]	INFO	stacktrace	src/common/stack_trace.cpp:172	    [10] monero-wallet-rpc(+0x4c5161) [0x55fd18922161] 
2026-09-27 08:13:49.546	[RPC0]	INFO	stacktrace	src/common/stack_trace.cpp:172	    [11] monero-wallet-rpc(+0x3ae622) [0x55fd1880b622] 
2026-09-27 08:13:49.546	[RPC0]	INFO	stacktrace	src/common/stack_trace.cpp:172	    [12] monero-wallet-rpc(+0x3af4ce) [0x55fd1880c4ce] 
2026-09-27 08:13:49.546	[RPC0]	INFO	stacktrace	src/common/stack_trace.cpp:172	    [13] monero-wallet-rpc(+0x3b0779) [0x55fd1880d779] 
2026-09-27 08:13:49.546	[RPC0]	INFO	stacktrace	src/common/stack_trace.cpp:172	    [14] monero-wallet-rpc(+0x62ef5b) [0x55fd18a8bf5b] 
2026-09-27 08:13:49.547	[RPC0]	INFO	stacktrace	src/common/stack_trace.cpp:172	    [15] monero-wallet-rpc(+0x62f1f2) [0x55fd18a8c1f2] 
2026-09-27 08:13:49.547	[RPC0]	INFO	stacktrace	src/common/stack_trace.cpp:172	    [16] monero-wallet-rpc(+0x3f064e) [0x55fd1884d64e] 
2026-09-27 08:13:49.547	[RPC0]	INFO	stacktrace	src/common/stack_trace.cpp:172	    [17] monero-wallet-rpc(+0x19901d) [0x55fd185f601d] 
2026-09-27 08:13:49.547	[RPC0]	INFO	stacktrace	src/common/stack_trace.cpp:172	    [18] monero-wallet-rpc(+0x1a1432) [0x55fd185fe432] 
2026-09-27 08:13:49.547	[RPC0]	INFO	stacktrace	src/common/stack_trace.cpp:172	    [19] monero-wallet-rpc(+0x18d88f) [0x55fd185ea88f] 
2026-09-27 08:13:49.547	[RPC0]	INFO	stacktrace	src/common/stack_trace.cpp:172	    [20] monero-wallet-rpc(+0x1ef579) [0x55fd1864c579] 
2026-09-27 08:13:49.547	[RPC0]	INFO	stacktrace	src/common/stack_trace.cpp:172	    [21] monero-wallet-rpc(+0x1979a1) [0x55fd185f49a1] 
2026-09-27 08:13:49.547	[RPC0]	INFO	stacktrace	src/common/stack_trace.cpp:172	    [22] monero-wallet-rpc(+0x20f00a) [0x55fd1866c00a] 
2026-09-27 08:13:49.547	[RPC0]	INFO	stacktrace	src/common/stack_trace.cpp:172	    [23]  0x1699f) [0x7f0000b6299f]:_64-linux-gnu/libboost_thread.so.1.83.0(+0x1699f) [0x7f0000b6299f]
2026-09-27 08:13:49.547	[RPC0]	INFO	stacktrace	src/common/stack_trace.cpp:172	    [24]  0x9caa4) [0x7effffa9caa4]:_64-linux-gnu/libc.so.6(+0x9caa4) [0x7effffa9caa4]
2026-09-27 08:13:49.547	[RPC0]	INFO	stacktrace	src/common/stack_trace.cpp:172	    [25]  0x129c6c) [0x7effffb29c6c]:_64-linux-gnu/libc.so.6(+0x129c6c) [0x7effffb29c6c]
2026-09-27 08:13:49.547	[RPC0]	INFO	stacktrace	src/common/stack_trace.cpp:172	
2026-09-27 08:13:49.547	[RPC0]	ERROR	wallet.wallet2	src/wallet/wallet2.cpp:14967	!r. THROW EXCEPTION: tools::error::no_connection_to_daemon
2026-09-27 08:13:49.547	[RPC0]	INFO	stacktrace	src/common/stack_trace.cpp:133	Exception: tools::error::no_connection_to_daemon
2026-09-27 08:13:49.547	[RPC0]	INFO	stacktrace	src/common/stack_trace.cpp:134	Unwound call stack:
2026-09-27 08:13:49.547	[RPC0]	INFO	stacktrace	src/common/stack_trace.cpp:172	    [1]  0xad) [0x55fd18590775]:__cxa_throw+0xad) [0x55fd18590775]
2026-09-27 08:13:49.547	[RPC0]	INFO	stacktrace	src/common/stack_trace.cpp:172	    [2] monero-wallet-rpc(+0x101988) [0x55fd1855e988] 
2026-09-27 08:13:49.547	[RPC0]	INFO	stacktrace	src/common/stack_trace.cpp:172	    [3] monero-wallet-rpc(+0x3452cc) [0x55fd187a22cc] 
2026-09-27 08:13:49.547	[RPC0]	INFO	stacktrace	src/common/stack_trace.cpp:172	    [4] monero-wallet-rpc(+0x3ae66b) [0x55fd1880b66b] 
2026-09-27 08:13:49.547	[RPC0]	INFO	stacktrace	src/common/stack_trace.cpp:172	    [5] monero-wallet-rpc(+0x3af4ce) [0x55fd1880c4ce] 
2026-09-27 08:13:49.547	[RPC0]	INFO	stacktrace	src/common/stack_trace.cpp:172	    [6] monero-wallet-rpc(+0x3b0779) [0x55fd1880d779] 
2026-09-27 08:13:49.547	[RPC0]	INFO	stacktrace	src/common/stack_trace.cpp:172	    [7] monero-wallet-rpc(+0x62ef5b) [0x55fd18a8bf5b] 
2026-09-27 08:13:49.547	[RPC0]	INFO	stacktrace	src/common/stack_trace.cpp:172	    [8] monero-wallet-rpc(+0x62f1f2) [0x55fd18a8c1f2] 
2026-09-27 08:13:49.547	[RPC0]	INFO	stacktrace	src/common/stack_trace.cpp:172	    [9] monero-wallet-rpc(+0x3f064e) [0x55fd1884d64e] 
2026-09-27 08:13:49.547	[RPC0]	INFO	stacktrace	src/common/stack_trace.cpp:172	    [10] monero-wallet-rpc(+0x19901d) [0x55fd185f601d] 
2026-09-27 08:13:49.547	[RPC0]	INFO	stacktrace	src/common/stack_trace.cpp:172	    [11] monero-wallet-rpc(+0x1a1432) [0x55fd185fe432] 
2026-09-27 08:13:49.547	[RPC0]	INFO	stacktrace	src/common/stack_trace.cpp:172	    [12] monero-wallet-rpc(+0x18d88f) [0x55fd185ea88f] 
2026-09-27 08:13:49.547	[RPC0]	INFO	stacktrace	src/common/stack_trace.cpp:172	    [13] monero-wallet-rpc(+0x1ef579) [0x55fd1864c579] 
2026-09-27 08:13:49.547	[RPC0]	INFO	stacktrace	src/common/stack_trace.cpp:172	    [14] monero-wallet-rpc(+0x1979a1) [0x55fd185f49a1] 
2026-09-27 08:13:49.547	[RPC0]	INFO	stacktrace	src/common/stack_trace.cpp:172	    [15] monero-wallet-rpc(+0x20f00a) [0x55fd1866c00a] 
2026-09-27 08:13:49.548	[RPC0]	INFO	stacktrace	src/common/stack_trace.cpp:172	    [16]  0x1699f) [0x7f0000b6299f]:_64-linux-gnu/libboost_thread.so.1.83.0(+0x1699f) [0x7f0000b6299f]
2026-09-27 08:13:49.548	[RPC0]	INFO	stacktrace	src/common/stack_trace.cpp:172	    [17]  0x9caa4) [0x7effffa9caa4]:_64-linux-gnu/libc.so.6(+0x9caa4) [0x7effffa9caa4]
2026-09-27 08:13:49.548	[RPC0]	INFO	stacktrace	src/common/stack_trace.cpp:172	    [18]  0x129c6c) [0x7effffb29c6c]:_64-linux-gnu/libc.so.6(+0x129c6c) [0x7effffb29c6c]
2026-09-27 08:13:49.548	[RPC0]	INFO	stacktrace	src/common/stack_trace.cpp:172	
2026-09-27 08:13:49.548	[RPC0]	INFO	stacktrace	src/common/stack_trace.cpp:133	Exception: boost::exception_detail::clone_impl<boost::system::system_error>
2026-09-27 08:13:49.548	[RPC0]	INFO	stacktrace	src/common/stack_trace.cpp:134	Unwound call stack:
2026-09-27 08:13:49.548	[RPC0]	INFO	stacktrace	src/common/stack_trace.cpp:172	    [1]  0xad) [0x55fd18590775]:__cxa_throw+0xad) [0x55fd18590775]
2026-09-27 08:13:49.548	[RPC0]	INFO	stacktrace	src/common/stack_trace.cpp:172	    [2] monero-wallet-rpc(+0x15fcb0) [0x55fd185bccb0] 
2026-09-27 08:13:49.548	[RPC0]	INFO	stacktrace	src/common/stack_trace.cpp:172	    [3] monero-wallet-rpc(+0x79349c) [0x55fd18bf049c] 
2026-09-27 08:13:49.548	[RPC0]	INFO	stacktrace	src/common/stack_trace.cpp:172	    [4] monero-wallet-rpc(+0x794963) [0x55fd18bf1963] 
2026-09-27 08:13:49.548	[RPC0]	INFO	stacktrace	src/common/stack_trace.cpp:172	    [5] monero-wallet-rpc(+0x794fc1) [0x55fd18bf1fc1] 
2026-09-27 08:13:49.548	[RPC0]	INFO	stacktrace	src/common/stack_trace.cpp:172	    [6] monero-wallet-rpc(+0x77a80f) [0x55fd18bd780f] 
2026-09-27 08:13:49.548	[RPC0]	INFO	stacktrace	src/common/stack_trace.cpp:172	    [7] monero-wallet-rpc(+0x77b3f4) [0x55fd18bd83f4] 
2026-09-27 08:13:49.548	[RPC0]	INFO	stacktrace	src/common/stack_trace.cpp:172	    [8] monero-wallet-rpc(+0x77b916) [0x55fd18bd8916] 
2026-09-27 08:13:49.548	[RPC0]	INFO	stacktrace	src/common/stack_trace.cpp:172	    [9] monero-wallet-rpc(+0x78e31a) [0x55fd18beb31a] 
2026-09-27 08:13:49.548	[RPC0]	INFO	stacktrace	src/common/stack_trace.cpp:172	    [10] monero-wallet-rpc(+0x4c5161) [0x55fd18922161] 
2026-09-27 08:13:49.548	[RPC0]	INFO	stacktrace	src/common/stack_trace.cpp:172	    [11] monero-wallet-rpc(+0x3ae622) [0x55fd1880b622] 
2026-09-27 08:13:49.548	[RPC0]	INFO	stacktrace	src/common/stack_trace.cpp:172	    [12] monero-wallet-rpc(+0x3af4ce) [0x55fd1880c4ce] 
2026-09-27 08:13:49.548	[RPC0]	INFO	stacktrace	src/common/stack_trace.cpp:172	    [13] monero-wallet-rpc(+0x3b0779) [0x55fd1880d779] 
2026-09-27 08:13:49.548	[RPC0]	INFO	stacktrace	src/common/stack_trace.cpp:172	    [14] monero-wallet-rpc(+0x62ef5b) [0x55fd18a8bf5b] 
2026-09-27 08:13:49.548	[RPC0]	INFO	stacktrace	src/common/stack_trace.cpp:172	    [15] monero-wallet-rpc(+0x62f1f2) [0x55fd18a8c1f2] 
2026-09-27 08:13:49.548	[RPC0]	INFO	stacktrace	src/common/stack_trace.cpp:172	    [16] monero-wallet-rpc(+0x3f064e) [0x55fd1884d64e] 
2026-09-27 08:13:49.548	[RPC0]	INFO	stacktrace	src/common/stack_trace.cpp:172	    [17] monero-wallet-rpc(+0x19901d) [0x55fd185f601d] 
2026-09-27 08:13:49.548	[RPC0]	INFO	stacktrace	src/common/stack_trace.cpp:172	    [18] monero-wallet-rpc(+0x1a1432) [0x55fd185fe432] 
2026-09-27 08:13:49.549	[RPC0]	INFO	stacktrace	src/common/stack_trace.cpp:172	    [19] monero-wallet-rpc(+0x18d88f) [0x55fd185ea88f] 
2026-09-27 08:13:49.549	[RPC0]	INFO	stacktrace	src/common/stack_trace.cpp:172	    [20] monero-wallet-rpc(+0x1ef579) [0x55fd1864c579] 
2026-09-27 08:13:49.549	[RPC0]	INFO	stacktrace	src/common/stack_trace.cpp:172	    [21] monero-wallet-rpc(+0x1979a1) [0x55fd185f49a1] 
2026-09-27 08:13:49.549	[RPC0]	INFO	stacktrace	src/common/stack_trace.cpp:172	    [22] monero-wallet-rpc(+0x20f00a) [0x55fd1866c00a] 
2026-09-27 08:13:49.549	[RPC0]	INFO	stacktrace	src/common/stack_trace.cpp:172	    [23]  0x1699f) [0x7f0000b6299f]:_64-linux-gnu/libboost_thread.so.1.83.0(+0x1699f) [0x7f0000b6299f]
2026-09-27 08:13:49.549	[RPC0]	INFO	stacktrace	src/common/stack_trace.cpp:172	    [24]  0x9caa4) [0x7effffa9caa4]:_64-linux-gnu/libc.so.6(+0x9caa4) [0x7effffa9caa4]
2026-09-27 08:13:49.549	[RPC0]	INFO	stacktrace	src/common/stack_trace.cpp:172	    [25]  0x129c6c) [0x7effffb29c6c]:_64-linux-gnu/libc.so.6(+0x129c6c) [0x7effffb29c6c]
2026-09-27 08:13:49.549	[RPC0]	INFO	stacktrace	src/common/stack_trace.cpp:172	
2026-09-27 08:13:49.549	[RPC0]	ERROR	wallet.wallet2	src/wallet/wallet2.cpp:14967	!r. THROW EXCEPTION: tools::error::no_connection_to_daemon
2026-09-27 08:13:49.549	[RPC0]	INFO	stacktrace	src/common/stack_trace.cpp:133	Exception: tools::error::no_connection_to_daemon
2026-09-27 08:13:49.549	[RPC0]	INFO	stacktrace	src/common/stack_trace.cpp:134	Unwound call stack:
2026-09-27 08:13:49.549	[RPC0]	INFO	stacktrace	src/common/stack_trace.cpp:172	    [1]  0xad) [0x55fd18590775]:__cxa_throw+0xad) [0x55fd18590775]
2026-09-27 08:13:49.549	[RPC0]	INFO	stacktrace	src/common/stack_trace.cpp:172	    [2] monero-wallet-rpc(+0x101988) [0x55fd1855e988] 
2026-09-27 08:13:49.549	[RPC0]	INFO	stacktrace	src/common/stack_trace.cpp:172	    [3] monero-wallet-rpc(+0x3452cc) [0x55fd187a22cc] 
2026-09-27 08:13:49.549	[RPC0]	INFO	stacktrace	src/common/stack_trace.cpp:172	    [4] monero-wallet-rpc(+0x3ae66b) [0x55fd1880b66b] 
2026-09-27 08:13:49.549	[RPC0]	INFO	stacktrace	src/common/stack_trace.cpp:172	    [5] monero-wallet-rpc(+0x3af4ce) [0x55fd1880c4ce] 
2026-09-27 08:13:49.549	[RPC0]	INFO	stacktrace	src/common/stack_trace.cpp:172	    [6] monero-wallet-rpc(+0x3b0779) [0x55fd1880d779] 
2026-09-27 08:13:49.549	[RPC0]	INFO	stacktrace	src/common/stack_trace.cpp:172	    [7] monero-wallet-rpc(+0x62ef5b) [0x55fd18a8bf5b] 
2026-09-27 08:13:49.549	[RPC0]	INFO	stacktrace	src/common/stack_trace.cpp:172	    [8] monero-wallet-rpc(+0x62f1f2) [0x55fd18a8c1f2] 
2026-09-27 08:13:49.549	[RPC0]	INFO	stacktrace	src/common/stack_trace.cpp:172	    [9] monero-wallet-rpc(+0x3f064e) [0x55fd1884d64e] 
2026-09-27 08:13:49.549	[RPC0]	INFO	stacktrace	src/common/stack_trace.cpp:172	    [10] monero-wallet-rpc(+0x19901d) [0x55fd185f601d] 
2026-09-27 08:13:49.549	[RPC0]	INFO	stacktrace	src/common/stack_trace.cpp:172	    [11] monero-wallet-rpc(+0x1a1432) [0x55fd185fe432] 
2026-09-27 08:13:49.549	[RPC0]	INFO	stacktrace	src/common/stack_trace.cpp:172	    [12] monero-wallet-rpc(+0x18d88f) [0x55fd185ea88f] 
2026-09-27 08:13:49.549	[RPC0]	INFO	stacktrace	src/common/stack_trace.cpp:172	    [13] monero-wallet-rpc(+0x1ef579) [0x55fd1864c579] 
2026-09-27 08:13:49.549	[RPC0]	INFO	stacktrace	src/common/stack_trace.cpp:172	    [14] monero-wallet-rpc(+0x1979a1) [0x55fd185f49a1] 
2026-09-27 08:13:49.549	[RPC0]	INFO	stacktrace	src/common/stack_trace.cpp:172	    [15] monero-wallet-rpc(+0x20f00a) [0x55fd1866c00a] 
2026-09-27 08:13:49.549	[RPC0]	INFO	stacktrace	src/common/stack_trace.cpp:172	    [16]  0x1699f) [0x7f0000b6299f]:_64-linux-gnu/libboost_thread.so.1.83.0(+0x1699f) [0x7f0000b6299f]
2026-09-27 08:13:49.549	[RPC0]	INFO	stacktrace	src/common/stack_trace.cpp:172	    [17]  0x9caa4) [0x7effffa9caa4]:_64-linux-gnu/libc.so.6(+0x9caa4) [0x7effffa9caa4]
2026-09-27 08:13:49.549	[RPC0]	INFO	stacktrace	src/common/stack_trace.cpp:172	    [18]  0x129c6c) [0x7effffb29c6c]:_64-linux-gnu/libc.so.6(+0x129c6c) [0x7effffb29c6c]
2026-09-27 08:13:49.549	[RPC0]	INFO	stacktrace	src/common/stack_trace.cpp:172	
2026-09-27 08:13:49.550	[RPC0]	INFO	stacktrace	src/common/stack_trace.cpp:133	Exception: boost::exception_detail::clone_impl<boost::system::system_error>
2026-09-27 08:13:49.550	[RPC0]	INFO	stacktrace	src/common/stack_trace.cpp:134	Unwound call stack:
2026-09-27 08:13:49.550	[RPC0]	INFO	stacktrace	src/common/stack_trace.cpp:172	    [1]  0xad) [0x55fd18590775]:__cxa_throw+0xad) [0x55fd18590775]
2026-09-27 08:13:49.550	[RPC0]	INFO	stacktrace	src/common/stack_trace.cpp:172	    [2] monero-wallet-rpc(+0x15fcb0) [0x55fd185bccb0] 
2026-09-27 08:13:49.550	[RPC0]	INFO	stacktrace	src/common/stack_trace.cpp:172	    [3] monero-wallet-rpc(+0x79349c) [0x55fd18bf049c] 
2026-09-27 08:13:49.550	[RPC0]	INFO	stacktrace	src/common/stack_trace.cpp:172	    [4] monero-wallet-rpc(+0x794963) [0x55fd18bf1963] 
2026-09-27 08:13:49.550	[RPC0]	INFO	stacktrace	src/common/stack_trace.cpp:172	    [5] monero-wallet-rpc(+0x794fc1) [0x55fd18bf1fc1] 
2026-09-27 08:13:49.550	[RPC0]	INFO	stacktrace	src/common/stack_trace.cpp:172	    [6] monero-wallet-rpc(+0x77a80f) [0x55fd18bd780f] 
2026-09-27 08:13:49.550	[RPC0]	INFO	stacktrace	src/common/stack_trace.cpp:172	    [7] monero-wallet-rpc(+0x77b3f4) [0x55fd18bd83f4] 
2026-09-27 08:13:49.550	[RPC0]	INFO	stacktrace	src/common/stack_trace.cpp:172	    [8] monero-wallet-rpc(+0x77b916) [0x55fd18bd8916] 
2026-09-27 08:13:49.550	[RPC0]	INFO	stacktrace	src/common/stack_trace.cpp:172	    [9] monero-wallet-rpc(+0x78e31a) [0x55fd18beb31a] 
2026-09-27 08:13:49.550	[RPC0]	INFO	stacktrace	src/common/stack_trace.cpp:172	    [10] monero-wallet-rpc(+0x4c5161) [0x55fd18922161] 
2026-09-27 08:13:49.550	[RPC0]	INFO	stacktrace	src/common/stack_trace.cpp:172	    [11] monero-wallet-rpc(+0x3ae622) [0x55fd1880b622] 
2026-09-27 08:13:49.550	[RPC0]	INFO	stacktrace	src/common/stack_trace.cpp:172	    [12] monero-wallet-rpc(+0x3af4ce) [0x55fd1880c4ce] 
2026-09-27 08:13:49.550	[RPC0]	INFO	stacktrace	src/common/stack_trace.cpp:172	    [13] monero-wallet-rpc(+0x3b0779) [0x55fd1880d779] 
2026-09-27 08:13:49.550	[RPC0]	INFO	stacktrace	src/common/stack_trace.cpp:172	    [14] monero-wallet-rpc(+0x62ef5b) [0x55fd18a8bf5b] 
2026-09-27 08:13:49.550	[RPC0]	INFO	stacktrace	src/common/stack_trace.cpp:172	    [15] monero-wallet-rpc(+0x62f1f2) [0x55fd18a8c1f2] 
2026-09-27 08:13:49.550	[RPC0]	INFO	stacktrace	src/common/stack_trace.cpp:172	    [16] monero-wallet-rpc(+0x3f064e) [0x55fd1884d64e] 
2026-09-27 08:13:49.550	[RPC0]	INFO	stacktrace	src/common/stack_trace.cpp:172	    [17] monero-wallet-rpc(+0x19901d) [0x55fd185f601d] 
2026-09-27 08:13:49.550	[RPC0]	INFO	stacktrace	src/common/stack_trace.cpp:172	    [18] monero-wallet-rpc(+0x1a1432) [0x55fd185fe432] 
2026-09-27 08:13:49.550	[RPC0]	INFO	stacktrace	src/common/stack_trace.cpp:172	    [19] monero-wallet-rpc(+0x18d88f) [0x55fd185ea88f] 
2026-09-27 08:13:49.550	[RPC0]	INFO	stacktrace	src/common/stack_trace.cpp:172	    [20] monero-wallet-rpc(+0x1ef579) [0x55fd1864c579] 
2026-09-27 08:13:49.550	[RPC0]	INFO	stacktrace	src/common/stack_trace.cpp:172	    [21] monero-wallet-rpc(+0x1979a1) [0x55fd185f49a1] 
2026-09-27 08:13:49.550	[RPC0]	INFO	stacktrace	src/common/stack_trace.cpp:172	    [22] monero-wallet-rpc(+0x20f00a) [0x55fd1866c00a] 
2026-09-27 08:13:49.551	[RPC0]	INFO	stacktrace	src/common/stack_trace.cpp:172	    [23]  0x1699f) [0x7f0000b6299f]:_64-linux-gnu/libboost_thread.so.1.83.0(+0x1699f) [0x7f0000b6299f]
2026-09-27 08:13:49.551	[RPC0]	INFO	stacktrace	src/common/stack_trace.cpp:172	    [24]  0x9caa4) [0x7effffa9caa4]:_64-linux-gnu/libc.so.6(+0x9caa4) [0x7effffa9caa4]
2026-09-27 08:13:49.551	[RPC0]	INFO	stacktrace	src/common/stack_trace.cpp:172	    [25]  0x129c6c) [0x7effffb29c6c]:_64-linux-gnu/libc.so.6(+0x129c6c) [0x7effffb29c6c]
2026-09-27 08:13:49.551	[RPC0]	INFO	stacktrace	src/common/stack_trace.cpp:172	
2026-09-27 08:13:49.551	[RPC0]	ERROR	wallet.wallet2	src/wallet/wallet2.cpp:14967	!r. THROW EXCEPTION: tools::error::no_connection_to_daemon
2026-09-27 08:13:49.551	[RPC0]	INFO	stacktrace	src/common/stack_trace.cpp:133	Exception: tools::error::no_connection_to_daemon
2026-09-27 08:13:49.551	[RPC0]	INFO	stacktrace	src/common/stack_trace.cpp:134	Unwound call stack:
2026-09-27 08:13:49.551	[RPC0]	INFO	stacktrace	src/common/stack_trace.cpp:172	    [1]  0xad) [0x55fd18590775]:__cxa_throw+0xad) [0x55fd18590775]
2026-09-27 08:13:49.551	[RPC0]	INFO	stacktrace	src/common/stack_trace.cpp:172	    [2] monero-wallet-rpc(+0x101988) [0x55fd1855e988] 
2026-09-27 08:13:49.551	[RPC0]	INFO	stacktrace	src/common/stack_trace.cpp:172	    [3] monero-wallet-rpc(+0x3452cc) [0x55fd187a22cc] 
2026-09-27 08:13:49.551	[RPC0]	INFO	stacktrace	src/common/stack_trace.cpp:172	    [4] monero-wallet-rpc(+0x3ae66b) [0x55fd1880b66b] 
2026-09-27 08:13:49.551	[RPC0]	INFO	stacktrace	src/common/stack_trace.cpp:172	    [5] monero-wallet-rpc(+0x3af4ce) [0x55fd1880c4ce] 
2026-09-27 08:13:49.551	[RPC0]	INFO	stacktrace	src/common/stack_trace.cpp:172	    [6] monero-wallet-rpc(+0x3b0779) [0x55fd1880d779] 
2026-09-27 08:13:49.551	[RPC0]	INFO	stacktrace	src/common/stack_trace.cpp:172	    [7] monero-wallet-rpc(+0x62ef5b) [0x55fd18a8bf5b] 
2026-09-27 08:13:49.551	[RPC0]	INFO	stacktrace	src/common/stack_trace.cpp:172	    [8] monero-wallet-rpc(+0x62f1f2) [0x55fd18a8c1f2] 
2026-09-27 08:13:49.551	[RPC0]	INFO	stacktrace	src/common/stack_trace.cpp:172	    [9] monero-wallet-rpc(+0x3f064e) [0x55fd1884d64e] 
2026-09-27 08:13:49.551	[RPC0]	INFO	stacktrace	src/common/stack_trace.cpp:172	    [10] monero-wallet-rpc(+0x19901d) [0x55fd185f601d] 
2026-09-27 08:13:49.551	[RPC0]	INFO	stacktrace	src/common/stack_trace.cpp:172	    [11] monero-wallet-rpc(+0x1a1432) [0x55fd185fe432] 
2026-09-27 08:13:49.551	[RPC0]	INFO	stacktrace	src/common/stack_trace.cpp:172	    [12] monero-wallet-rpc(+0x18d88f) [0x55fd185ea88f] 
2026-09-27 08:13:49.551	[RPC0]	INFO	stacktrace	src/common/stack_trace.cpp:172	    [13] monero-wallet-rpc(+0x1ef579) [0x55fd1864c579] 
2026-09-27 08:13:49.551	[RPC0]	INFO	stacktrace	src/common/stack_trace.cpp:172	    [14] monero-wallet-rpc(+0x1979a1) [0x55fd185f49a1] 
2026-09-27 08:13:49.551	[RPC0]	INFO	stacktrace	src/common/stack_trace.cpp:172	    [15] monero-wallet-rpc(+0x20f00a) [0x55fd1866c00a] 
2026-09-27 08:13:49.551	[RPC0]	INFO	stacktrace	src/common/stack_trace.cpp:172	    [16]  0x1699f) [0x7f0000b6299f]:_64-linux-gnu/libboost_thread.so.1.83.0(+0x1699f) [0x7f0000b6299f]
2026-09-27 08:13:49.551	[RPC0]	INFO	stacktrace	src/common/stack_trace.cpp:172	    [17]  0x9caa4) [0x7effffa9caa4]:_64-linux-gnu/libc.so.6(+0x9caa4) [0x7effffa9caa4]
2026-09-27 08:13:49.551	[RPC0]	INFO	stacktrace	src/common/stack_trace.cpp:172	    [18]  0x129c6c) [0x7effffb29c6c]:_64-linux-gnu/libc.so.6(+0x129c6c) [0x7effffb29c6c]
2026-09-27 08:13:49.551	[RPC0]	INFO	stacktrace	src/common/stack_trace.cpp:172	
2026-09-27 08:13:49.551	[RPC0]	ERROR	wallet.wallet2	src/wallet/wallet2.cpp:4148	pull_blocks failed, try_count=3
2026-09-27 08:13:49.552	[RPC0]	ERROR	wallet.rpc	src/wallet/wallet_rpc_server.cpp:159	Exception at while refreshing, what=no connection to daemon
2026-09-27 08:14:06.620	[SRV_MAIN]	WARNING	wallet.rpc	src/wallet/wallet_rpc_server.cpp:4670	Stopped wallet RPC server
2026-09-27 08:14:06.620	[SRV_MAIN]	WARNING	wallet.rpc	src/wallet/wallet_rpc_server.cpp:4673	Saving wallet...
2026-09-27 08:14:06.627	[SRV_MAIN]	WARNING	wallet.rpc	src/wallet/wallet_rpc_server.cpp:4675	Successfully saved
2026-09-27 08:14:10.725	    7f1224719e80	INFO	logging	contrib/epee/src/mlog.cpp:273	New log categories: *:WARNING,net:FATAL,net.http:FATAL,net.ssl:FATAL,net.p2p:FATAL,net.cn:FATAL,daemon.rpc:FATAL,global:INFO,verify:FATAL,serialization:FATAL,daemon.rpc.payment:ERROR,stacktrace:INFO,logging:INFO,msgwriter:INFO
2026-09-27 08:14:10.725	    7f1224719e80	INFO	logging	contrib/epee/src/mlog.cpp:273	New log categories: *:WARNING,net:FATAL,net.http:FATAL,net.ssl:FATAL,net.p2p:FATAL,net.cn:FATAL,daemon.rpc:FATAL,global:INFO,verify:FATAL,serialization:FATAL,daemon.rpc.payment:ERROR,stacktrace:INFO,logging:INFO,msgwriter:INFO
2026-09-27 08:14:10.725	    7f1224719e80	INFO	msgwriter	src/common/scoped_message_writer.h:102	This is the RPC monero wallet. It needs to connect to a monero
2026-09-27 08:14:10.725	    7f1224719e80	INFO	msgwriter	src/common/scoped_message_writer.h:102	daemon to work correctly.
2026-09-27 08:14:10.725	    7f1224719e80	INFO	msgwriter	src/common/scoped_message_writer.h:102	Monero 'Fluorine Fermi' (v0.18.3.1-unknown)
2026-09-27 08:14:10.726	    7f1224719e80	INFO	msgwriter	src/common/scoped_message_writer.h:102	Logging to monero-wallet-rpc.log
2026-09-27 08:14:10.727	    7f1224719e80	INFO	global	contrib/epee/include/net/http_server_impl_base.h:79	Binding on 127.0.0.1 (IPv4):18088
2026-09-27 08:14:15.408	    7f1224719e80	WARNING	wallet.rpc	src/wallet/wallet_rpc_server.cpp:4660	Starting wallet RPC server
2026-09-27 08:14:22.745	[RPC0]	WARNING	wallet.wallet2	src/wallet/wallet2.cpp:6115	Loaded wallet keys file, with public address: 48Cx1XfPV9fXwoNKbXp5PfhdEP21487GcjGjn7ZsVyYUSJxoP9FRx3FFZtXuC6ziLG58Y5NNkbadTXUP3r4mxXaqSw85ytN
2026-09-27 08:14:23.034	[RPC0]	ERROR	wallet.wallet2	src/wallet/wallet2.cpp:8460	res.txs.size() != req.txs_hashes.size(). THROW EXCEPTION: error::wallet_internal_error
2026-09-27 08:14:23.034	[RPC0]	INFO	stacktrace	src/common/stack_trace.cpp:133	Exception: tools::error::wallet_internal_error
2026-09-27 08:14:23.034	[RPC0]	INFO	stacktrace	src/common/stack_trace.cpp:134	Unwound call stack:
2026-09-27 08:14:23.034	[RPC0]	INFO	stacktrace	src/common/stack_trace.cpp:172	    [1]  0xad) [0x559c9d106775]:__cxa_throw+0xad) [0x559c9d106775]
2026-09-27 08:14:23.034	[RPC0]	INFO	stacktrace	src/common/stack_trace.cpp:172	    [2] monero-wallet-rpc(+0x43cef8) [0x559c9d40fef8] 
2026-09-27 08:14:23.034	[RPC0]	INFO	stacktrace	src/common/stack_trace.cpp:172	    [3] monero-wallet-rpc(+0x3b87c8) [0x559c9d38b7c8] 
2026-09-27 08:14:23.034	[RPC0]	INFO	stacktrace	src/common/stack_trace.cpp:172	    [4] monero-wallet-rpc(+0x3e2036) [0x559c9d3b5036] 
2026-09-27 08:14:23.034	[RPC0]	INFO	stacktrace	src/common/stack_trace.cpp:172	    [5] monero-wallet-rpc(+0x3e3027) [0x559c9d3b6027] 
2026-09-27 08:14:23.034	[RPC0]	INFO	stacktrace	src/common/stack_trace.cpp:172	    [6] monero-wallet-rpc(+0x1ae377) [0x559c9d181377] 
2026-09-27 08:14:23.034	[RPC0]	INFO	stacktrace	src/common/stack_trace.cpp:172	    [7] monero-wallet-rpc(+0x2eee78) [0x559c9d2c1e78] 
2026-09-27 08:14:23.034	[RPC0]	INFO	stacktrace	src/common/stack_trace.cpp:172	    [8] monero-wallet-rpc(+0x30e7d3) [0x559c9d2e17d3] 
2026-09-27 08:14:23.034	[RPC0]	INFO	stacktrace	src/common/stack_trace.cpp:172	    [9] monero-wallet-rpc(+0x2050a5) [0x559c9d1d80a5] 
2026-09-27 08:14:23.034	[RPC0]	INFO	stacktrace	src/common/stack_trace.cpp:172	    [10] monero-wallet-rpc(+0x2c2fac) [0x559c9d295fac] 
2026-09-27 08:14:23.034	[RPC0]	INFO	stacktrace	src/common/stack_trace.cpp:172	    [11] monero-wallet-rpc(+0x2c36c0) [0x559c9d2966c0] 
2026-09-27 08:14:23.035	[RPC0]	INFO	stacktrace	src/common/stack_trace.cpp:172	    [12] monero-wallet-rpc(+0x2d2f47) [0x559c9d2a5f47] 
2026-09-27 08:14:23.035	[RPC0]	INFO	stacktrace	src/common/stack_trace.cpp:172	    [13] monero-wallet-rpc(+0x2d3092) [0x559c9d2a6092] 
2026-09-27 08:14:23.035	[RPC0]	INFO	stacktrace	src/common/stack_trace.cpp:172	    [14] monero-wallet-rpc(+0x1eea25) [0x559c9d1c1a25] 
2026-09-27 08:14:23.035	[RPC0]	INFO	stacktrace	src/common/stack_trace.cpp:172	    [15] monero-wallet-rpc(+0x1ef579) [0x559c9d1c2579] 
2026-09-27 08:14:23.035	[RPC0]	INFO	stacktrace	src/common/stack_trace.cpp:172	    [16] monero-wallet-rpc(+0x1979a1) [0x559c9d16a9a1] 
2026-09-27 08:14:23.035	[RPC0]	INFO	stacktrace	src/common/stack_trace.cpp:172	    [17] monero-wallet-rpc(+0x20f00a) [0x559c9d1e200a] 
2026-09-27 08:14:23.035	[RPC0]	INFO	stacktrace	src/common/stack_trace.cpp:172	    [18]  0x1699f) [0x7f1224ad599f]:_64-linux-gnu/libboost_thread.so.1.83.0(+0x1699f) [0x7f1224ad599f]
2026-09-27 08:14:23.035	[RPC0]	INFO	stacktrace	src/common/stack_trace.cpp:172	    [19]  0x9caa4) [0x7f1223a9caa4]:_64-linux-gnu/libc.so.6(+0x9caa4) [0x7f1223a9caa4]
2026-09-27 08:14:23.035	[RPC0]	INFO	stacktrace	src/common/stack_trace.cpp:172	    [20]  0x129c6c) [0x7f1223b29c6c]:_64-linux-gnu/libc.so.6(+0x129c6c) [0x7f1223b29c6c]
2026-09-27 08:14:23.035	[RPC0]	INFO	stacktrace	src/common/stack_trace.cpp:172	
2026-09-27 08:14:23.035	[RPC0]	ERROR	wallet.wallet2	src/wallet/wallet2.cpp:6272	Failed to save rings, will try again next time
2026-09-27 08:14:31.820	[RPC0]	ERROR	wallet.wallet2	src/wallet/wallet2.cpp:3302	reorg_depth > m_max_reorg_depth. THROW EXCEPTION: error::reorg_depth_error
2026-09-27 08:14:31.820	[RPC0]	INFO	stacktrace	src/common/stack_trace.cpp:133	Exception: tools::error::reorg_depth_error
2026-09-27 08:14:31.820	[RPC0]	INFO	stacktrace	src/common/stack_trace.cpp:134	Unwound call stack:
2026-09-27 08:14:31.820	[RPC0]	INFO	stacktrace	src/common/stack_trace.cpp:172	    [1]  0xad) [0x559c9d106775]:__cxa_throw+0xad) [0x559c9d106775]
2026-09-27 08:14:31.820	[RPC0]	INFO	stacktrace	src/common/stack_trace.cpp:172	    [2] monero-wallet-rpc(+0x441da8) [0x559c9d414da8] 
2026-09-27 08:14:31.820	[RPC0]	INFO	stacktrace	src/common/stack_trace.cpp:172	    [3] monero-wallet-rpc(+0x3eec11) [0x559c9d3c1c11] 
2026-09-27 08:14:31.820	[RPC0]	INFO	stacktrace	src/common/stack_trace.cpp:172	    [4] monero-wallet-rpc(+0x3f0a49) [0x559c9d3c3a49] 
2026-09-27 08:14:31.820	[RPC0]	INFO	stacktrace	src/common/stack_trace.cpp:172	    [5] monero-wallet-rpc(+0x1ad53e) [0x559c9d18053e] 
2026-09-27 08:14:31.820	[RPC0]	INFO	stacktrace	src/common/stack_trace.cpp:172	    [6] monero-wallet-rpc(+0x2ed36e) [0x559c9d2c036e] 
2026-09-27 08:14:31.820	[RPC0]	INFO	stacktrace	src/common/stack_trace.cpp:172	    [7] monero-wallet-rpc(+0x30e7d3) [0x559c9d2e17d3] 
2026-09-27 08:14:31.820	[RPC0]	INFO	stacktrace	src/common/stack_trace.cpp:172	    [8] monero-wallet-rpc(+0x2050a5) [0x559c9d1d80a5] 
2026-09-27 08:14:31.820	[RPC0]	INFO	stacktrace	src/common/stack_trace.cpp:172	    [9] monero-wallet-rpc(+0x2c2fac) [0x559c9d295fac] 
2026-09-27 08:14:31.820	[RPC0]	INFO	stacktrace	src/common/stack_trace.cpp:172	    [10] monero-wallet-rpc(+0x2c36c0) [0x559c9d2966c0] 
2026-09-27 08:14:31.820	[RPC0]	INFO	stacktrace	src/common/stack_trace.cpp:172	    [11] monero-wallet-rpc(+0x2d2f47) [0x559c9d2a5f47] 
2026-09-27 08:14:31.820	[RPC0]	INFO	stacktrace	src/common/stack_trace.cpp:172	    [12] monero-wallet-rpc(+0x2d3092) [0x559c9d2a6092] 
2026-09-27 08:14:31.820	[RPC0]	INFO	stacktrace	src/common/stack_trace.cpp:172	    [13] monero-wallet-rpc(+0x1eea25) [0x559c9d1c1a25] 
2026-09-27 08:14:31.820	[RPC0]	INFO	stacktrace	src/common/stack_trace.cpp:172	    [14] monero-wallet-rpc(+0x1ef579) [0x559c9d1c2579] 
2026-09-27 08:14:31.820	[RPC0]	INFO	stacktrace	src/common/stack_trace.cpp:172	    [15] monero-wallet-rpc(+0x1979a1) [0x559c9d16a9a1] 
2026-09-27 08:14:31.820	[RPC0]	INFO	stacktrace	src/common/stack_trace.cpp:172	    [16] monero-wallet-rpc(+0x20f00a) [0x559c9d1e200a] 
2026-09-27 08:14:31.820	[RPC0]	INFO	stacktrace	src/common/stack_trace.cpp:172	    [17]  0x1699f) [0x7f1224ad599f]:_64-linux-gnu/libboost_thread.so.1.83.0(+0x1699f) [0x7f1224ad599f]
2026-09-27 08:14:31.821	[RPC0]	INFO	stacktrace	src/common/stack_trace.cpp:172	    [18]  0x9caa4) [0x7f1223a9caa4]:_64-linux-gnu/libc.so.6(+0x9caa4) [0x7f1223a9caa4]
2026-09-27 08:14:31.821	[RPC0]	INFO	stacktrace	src/common/stack_trace.cpp:172	    [19]  0x129c6c) [0x7f1223b29c6c]:_64-linux-gnu/libc.so.6(+0x129c6c) [0x7f1223b29c6c]
2026-09-27 08:14:31.821	[RPC0]	INFO	stacktrace	src/common/stack_trace.cpp:172	
2026-09-27 08:14:31.821	[RPC0]	ERROR	wallet.wallet2	src/wallet/wallet2.cpp:4071	Error parsing blocks: reorg exceeds maximum allowed depth, use 'set max-reorg-depth N' to allow it, reorg depth: 163
2026-09-27 08:14:37.537	[SRV_MAIN]	WARNING	wallet.rpc	src/wallet/wallet_rpc_server.cpp:4670	Stopped wallet RPC server
2026-09-27 08:14:37.537	[SRV_MAIN]	WARNING	wallet.rpc	src/wallet/wallet_rpc_server.cpp:4673	Saving wallet...
2026-09-27 08:14:37.543	[SRV_MAIN]	WARNING	wallet.rpc	src/wallet/wallet_rpc_server.cpp:4675	Successfully saved
2026-09-27 08:18:26.487	    7f3d0111ae80	INFO	logging	contrib/epee/src/mlog.cpp:273	New log categories: *:WARNING,net:FATAL,net.http:FATAL,net.ssl:FATAL,net.p2p:FATAL,net.cn:FATAL,daemon.rpc:FATAL,global:INFO,verify:FATAL,serialization:FATAL,daemon.rpc.payment:ERROR,stacktrace:INFO,logging:INFO,msgwriter:INFO
2026-09-27 08:18:26.487	    7f3d0111ae80	INFO	logging	contrib/epee/src/mlog.cpp:273	New log categories: *:WARNING,net:FATAL,net.http:FATAL,net.ssl:FATAL,net.p2p:FATAL,net.cn:FATAL,daemon.rpc:FATAL,global:INFO,verify:FATAL,serialization:FATAL,daemon.rpc.payment:ERROR,stacktrace:INFO,logging:INFO,msgwriter:INFO
2026-09-27 08:18:26.487	    7f3d0111ae80	INFO	msgwriter	src/common/scoped_message_writer.h:102	This is the RPC monero wallet. It needs to connect to a monero
2026-09-27 08:18:26.487	    7f3d0111ae80	INFO	msgwriter	src/common/scoped_message_writer.h:102	daemon to work correctly.
2026-09-27 08:18:26.487	    7f3d0111ae80	INFO	msgwriter	src/common/scoped_message_writer.h:102	Monero 'Fluorine Fermi' (v0.18.3.1-unknown)
2026-09-27 08:18:26.487	    7f3d0111ae80	INFO	msgwriter	src/common/scoped_message_writer.h:102	Logging to monero-wallet-rpc.log
2026-09-27 08:18:26.489	    7f3d0111ae80	INFO	global	contrib/epee/include/net/http_server_impl_base.h:79	Binding on 127.0.0.1 (IPv4):18088
2026-09-27 08:18:27.198	    7f3d0111ae80	WARNING	wallet.rpc	src/wallet/wallet_rpc_server.cpp:4660	Starting wallet RPC server
2026-09-27 08:18:31.076	[RPC0]	ERROR	wallet.wallet2	src/wallet/wallet2.cpp:6105	e || !exists. THROW EXCEPTION: error::file_not_found
2026-09-27 08:18:31.076	[RPC0]	INFO	stacktrace	src/common/stack_trace.cpp:133	Exception: tools::error::file_error_base<1>
2026-09-27 08:18:31.076	[RPC0]	INFO	stacktrace	src/common/stack_trace.cpp:134	Unwound call stack:
2026-09-27 08:18:31.076	[RPC0]	INFO	stacktrace	src/common/stack_trace.cpp:172	    [1]  0xad) [0x55d3c4863775]:__cxa_throw+0xad) [0x55d3c4863775]
2026-09-27 08:18:31.076	[RPC0]	INFO	stacktrace	src/common/stack_trace.cpp:172	    [2] monero-wallet-rpc(+0x456c2a) [0x55d3c4b86c2a] 
2026-09-27 08:18:31.076	[RPC0]	INFO	stacktrace	src/common/stack_trace.cpp:172	    [3] monero-wallet-rpc(+0x3e10db) [0x55d3c4b110db] 
2026-09-27 08:18:31.076	[RPC0]	INFO	stacktrace	src/common/stack_trace.cpp:172	    [4] monero-wallet-rpc(+0x3e3027) [0x55d3c4b13027] 
2026-09-27 08:18:31.076	[RPC0]	INFO	stacktrace	src/common/stack_trace.cpp:172	    [5] monero-wallet-rpc(+0x1ae377) [0x55d3c48de377] 
2026-09-27 08:18:31.076	[RPC0]	INFO	stacktrace	src/common/stack_trace.cpp:172	    [6] monero-wallet-rpc(+0x2eee78) [0x55d3c4a1ee78] 
2026-09-27 08:18:31.076	[RPC0]	INFO	stacktrace	src/common/stack_trace.cpp:172	    [7] monero-wallet-rpc(+0x30e7d3) [0x55d3c4a3e7d3] 
2026-09-27 08:18:31.076	[RPC0]	INFO	stacktrace	src/common/stack_trace.cpp:172	    [8] monero-wallet-rpc(+0x2050a5) [0x55d3c49350a5] 
2026-09-27 08:18:31.076	[RPC0]	INFO	stacktrace	src/common/stack_trace.cpp:172	    [9] monero-wallet-rpc(+0x2c2fac) [0x55d3c49f2fac] 
2026-09-27 08:18:31.076	[RPC0]	INFO	stacktrace	src/common/stack_trace.cpp:172	    [10] monero-wallet-rpc(+0x2c36c0) [0x55d3c49f36c0] 
2026-09-27 08:18:31.076	[RPC0]	INFO	stacktrace	src/common/stack_trace.cpp:172	    [11] monero-wallet-rpc(+0x2d2f47) [0x55d3c4a02f47] 
2026-09-27 08:18:31.076	[RPC0]	INFO	stacktrace	src/common/stack_trace.cpp:172	    [12] monero-wallet-rpc(+0x2d3092) [0x55d3c4a03092] 
2026-09-27 08:18:31.076	[RPC0]	INFO	stacktrace	src/common/stack_trace.cpp:172	    [13] monero-wallet-rpc(+0x1eea25) [0x55d3c491ea25] 
2026-09-27 08:18:31.076	[RPC0]	INFO	stacktrace	src/common/stack_trace.cpp:172	    [14] monero-wallet-rpc(+0x1ef579) [0x55d3c491f579] 
2026-09-27 08:18:31.076	[RPC0]	INFO	stacktrace	src/common/stack_trace.cpp:172	    [15] monero-wallet-rpc(+0x1979a1) [0x55d3c48c79a1] 
2026-09-27 08:18:31.076	[RPC0]	INFO	stacktrace	src/common/stack_trace.cpp:172	    [16] monero-wallet-rpc(+0x20f00a) [0x55d3c493f00a] 
2026-09-27 08:18:31.076	[RPC0]	INFO	stacktrace	src/common/stack_trace.cpp:172	    [17]  0x1699f) [0x7f3d0154499f]:_64-linux-gnu/libboost_thread.so.1.83.0(+0x1699f) [0x7f3d0154499f]
2026-09-27 08:18:31.076	[RPC0]	INFO	stacktrace	src/common/stack_trace.cpp:172	    [18]  0x9caa4) [0x7f3d0049caa4]:_64-linux-gnu/libc.so.6(+0x9caa4) [0x7f3d0049caa4]
2026-09-27 08:18:31.076	[RPC0]	INFO	stacktrace	src/common/stack_trace.cpp:172	    [19]  0x129c6c) [0x7f3d00529c6c]:_64-linux-gnu/libc.so.6(+0x129c6c) [0x7f3d00529c6c]
2026-09-27 08:18:31.076	[RPC0]	INFO	stacktrace	src/common/stack_trace.cpp:172	
2026-09-27 08:18:43.088	[RPC0]	WARNING	wallet.wallet2	src/wallet/wallet2.cpp:2523	Received money: 35.184338534400, with tx: <794aebc0d9ee82cb904bb6f6683ffc02129559f556e44325eee6ecb3e50cc6dd>
2026-09-27 08:18:43.088	[RPC0]	WARNING	wallet.wallet2	src/wallet/wallet2.cpp:2523	Received money: 35.184271425600, with tx: <c68a3c70b80c3526b5180b52985a25beb40485149e6c4652418d02a4601e7fc3>
2026-09-27 08:18:43.088	[RPC0]	WARNING	wallet.wallet2	src/wallet/wallet2.cpp:2523	Received money: 35.184204316927, with tx: <e41dd35b69a28eb10d737810bab1c9c653e5102e5c863f096c5047d80ad65aed>
2026-09-27 08:18:43.088	[RPC0]	WARNING	wallet.wallet2	src/wallet/wallet2.cpp:2523	Received money: 35.184137208383, with tx: <c2164c98b9e74247b79cc94dc74dff0a910bbcc916dc1a432db63f5759bd7fb1>
2026-09-27 08:18:43.088	[RPC0]	WARNING	wallet.wallet2	src/wallet/wallet2.cpp:2523	Received money: 35.184070099967, with tx: <4fbc6b63dcb6f4ade7ea7f4455e304a229adecab8d3dbc848731329d0b5f24eb>
2026-09-27 08:18:43.089	[RPC0]	WARNING	wallet.wallet2	src/wallet/wallet2.cpp:2523	Received money: 35.184002991679, with tx: <dc59a19e90bacbcad25bef341264a9ae23b22f63f8733944ba30bbd96fe7b806>
2026-09-27 08:18:43.089	[RPC0]	WARNING	wallet.wallet2	src/wallet/wallet2.cpp:2523	Received money: 35.183935883519, with tx: <973e38b1f32d1d911bc9b8f2cf57639c3fbbe3602ee7c3737b5c6940d16aa29e>
2026-09-27 08:18:43.089	[RPC0]	WARNING	wallet.wallet2	src/wallet/wallet2.cpp:2523	Received money: 35.183868775487, with tx: <35a9c95411d19032f4406d267b0e6ab4ec9bccd12f7a67c76bd738e4748efa5d>
2026-09-27 08:18:43.089	[RPC0]	WARNING	wallet.wallet2	src/wallet/wallet2.cpp:2523	Received money: 35.183801667583, with tx: <2171373489a0b9604fae87d7da77da3a88d5551cce95bddee245af7465a1426d>
2026-09-27 08:18:43.089	[RPC0]	WARNING	wallet.wallet2	src/wallet/wallet2.cpp:2523	Received money: 35.183734559807, with tx: <b9cc7d66852207a7d3e401ec7974900a231022f6163acde23df412a624793b32>
2026-09-27 08:18:43.090	[RPC0]	WARNING	wallet.wallet2	src/wallet/wallet2.cpp:2523	Received money: 35.183667452159, with tx: <b9320642095c61e408826d547001e961b2c5608bdb49421a787c77744979595e>
2026-09-27 08:18:43.090	[RPC0]	WARNING	wallet.wallet2	src/wallet/wallet2.cpp:2523	Received money: 35.183600344639, with tx: <cefeabe9b659d2354dc8de5113a303178d8036f433b5481484e40f184eb27e82>
2026-09-27 08:18:43.090	[RPC0]	WARNING	wallet.wallet2	src/wallet/wallet2.cpp:2523	Received money: 35.183533237247, with tx: <9fa888b2fe485a8ee5de8f7517ff2d105bfcb042280c2ab0e1af6b3f9010b8a1>
2026-09-27 08:18:43.090	[RPC0]	WARNING	wallet.wallet2	src/wallet/wallet2.cpp:2523	Received money: 35.183466129983, with tx: <d9eb2bc625594eaf8ddcb23d0a7c3d42b91dda9f1ade7de8e9759d1fd8d5c7fe>
2026-09-27 08:18:43.091	[RPC0]	WARNING	wallet.wallet2	src/wallet/wallet2.cpp:2523	Received money: 35.183399022847, with tx: <9b1a6e61441625cafba9647eef6a7bce64b2a2dec8f60d2e5473570add997ea1>
2026-09-27 08:18:43.091	[RPC0]	WARNING	wallet.wallet2	src/wallet/wallet2.cpp:2523	Received money: 35.183331915839, with tx: <09969355f88248156d2c402762edecc2ab378ea7422743e7d8ed25e88653dab1>
2026-09-27 08:18:43.091	[RPC0]	WARNING	wallet.wallet2	src/wallet/wallet2.cpp:2523	Received money: 35.183264808959, with tx: <bed755a81fae9500a74a6b288ec23ea60c5f47c8d44475074dd4548fd3421f09>
2026-09-27 08:18:43.091	[RPC0]	WARNING	wallet.wallet2	src/wallet/wallet2.cpp:2523	Received money: 35.183197702207, with tx: <3a1b8f2720786f00ca749b6177150c6b557330f812fce9e866ac4b34bc1dbb5b>
2026-09-27 08:18:43.092	[RPC0]	WARNING	wallet.wallet2	src/wallet/wallet2.cpp:2523	Received money: 35.183130595583, with tx: <089672366e55fc90ce103987cfe5a74f74900c8965748fd6dd7da22b0c242a2d>
2026-09-27 08:18:43.092	[RPC0]	WARNING	wallet.wallet2	src/wallet/wallet2.cpp:2523	Received money: 35.183063489087, with tx: <ea2024e6d58a5795604bfd992ed45c47ba3b94465c44d1ca7c6d4a5a0a895114>
2026-09-27 08:18:43.092	[RPC0]	WARNING	wallet.wallet2	src/wallet/wallet2.cpp:2523	Received money: 35.182996382719, with tx: <45b7646b9c1ef203778cffbff4f5177da4c8486fac9602c935d9c3475bc395ee>
2026-09-27 08:18:43.092	[RPC0]	WARNING	wallet.wallet2	src/wallet/wallet2.cpp:2523	Received money: 35.182929276479, with tx: <d9c790d4d793857add000b9d923cf85fa9579e11d08b4fa8ea983d1cd2874f5c>
2026-09-27 08:18:43.092	[RPC0]	WARNING	wallet.wallet2	src/wallet/wallet2.cpp:2523	Received money: 35.182862170367, with tx: <782ccc9af2e873628e70b5fefe1824648b1788e202785f2ecec032a2b45cea00>
2026-09-27 08:18:43.093	[RPC0]	WARNING	wallet.wallet2	src/wallet/wallet2.cpp:2523	Received money: 35.182795064383, with tx: <e78020786c3a94273b7d5197a9c6b6db8fa8cb15e8c2f25d57198ee85234d77e>
2026-09-27 08:18:43.093	[RPC0]	WARNING	wallet.wallet2	src/wallet/wallet2.cpp:2523	Received money: 35.182727958527, with tx: <72fe7308a7df8ae2fc5dac7483486dab3abd38cd91d9f14356b7fd2259ec4e14>
2026-09-27 08:18:43.093	[RPC0]	WARNING	wallet.wallet2	src/wallet/wallet2.cpp:2523	Received money: 35.182660852799, with tx: <d33ef0eeee60246db8c33d25e0917b2863576bdf94e0205d26f9547add81f703>
2026-09-27 08:18:43.093	[RPC0]	WARNING	wallet.wallet2	src/wallet/wallet2.cpp:2523	Received money: 35.182593747199, with tx: <689c1f4e4b334a8e66490008751fa81ada66141ec1baf5367db510ec9ceb5741>
2026-09-27 08:18:43.093	[RPC0]	WARNING	wallet.wallet2	src/wallet/wallet2.cpp:2523	Received money: 35.182526641727, with tx: <c9773261298253704c96e1e9c2f8befd68fac278e1ec952e01d06b79dac6a95d>
2026-09-27 08:18:43.094	[RPC0]	WARNING	wallet.wallet2	src/wallet/wallet2.cpp:2523	Received money: 35.182459536383, with tx: <d7f10e80e8a24c9102db31743c0f74d1bc3e9e729b81866e73b3d63e235e9325>
2026-09-27 08:18:43.094	[RPC0]	WARNING	wallet.wallet2	src/wallet/wallet2.cpp:2523	Received money: 35.182392431167, with tx: <cd1640b702f0b6cf7f6ac9e522238d195f22c9c6ec7c4f85c1a9269dfbb7fb4b>
2026-09-27 08:18:43.094	[RPC0]	WARNING	wallet.wallet2	src/wallet/wallet2.cpp:2523	Received money: 35.182325326078, with tx: <cb46afa263df31818da20a2c1a6afd9ec5abca38fbce0c91d47245c17c17030d>
2026-09-27 08:18:43.094	[RPC0]	WARNING	wallet.wallet2	src/wallet/wallet2.cpp:2523	Received money: 35.182258221118, with tx: <7d6ef67fc2534ebdbee3100e65b575faab80229c2f01c260697e0983f5a51322>
2026-09-27 08:18:43.094	[RPC0]	WARNING	wallet.wallet2	src/wallet/wallet2.cpp:2523	Received money: 35.182191116286, with tx: <3cf4b3ae07acf4ba4b5f9c9c2853c216e951c90044905d30a6f43cd2bc6324dd>
2026-09-27 08:18:43.095	[RPC0]	WARNING	wallet.wallet2	src/wallet/wallet2.cpp:2523	Received money: 35.182124011582, with tx: <8f6a9b616700d3ebf867837f4b893dce20622bb7d83c683accc8158a0bab457d>
2026-09-27 08:18:43.095	[RPC0]	WARNING	wallet.wallet2	src/wallet/wallet2.cpp:2523	Received money: 35.182056907006, with tx: <b4f6f5312554d921c30f6dc9a5bf26d1a1ee439fbc53602fda42ae6b9e1ff6be>
2026-09-27 08:18:43.095	[RPC0]	WARNING	wallet.wallet2	src/wallet/wallet2.cpp:2523	Received money: 35.181989802558, with tx: <074bed54c815362db0eb6431600e74050a1c83853074266362385047dc767439>
2026-09-27 08:18:43.095	[RPC0]	WARNING	wallet.wallet2	src/wallet/wallet2.cpp:2523	Received money: 35.181922698238, with tx: <0d9b497e2e8fe5cfee19490874e814e9d62ef2c694c90bde42f103b5a7597cac>
2026-09-27 08:18:43.095	[RPC0]	WARNING	wallet.wallet2	src/wallet/wallet2.cpp:2523	Received money: 35.181855594046, with tx: <4749dba79a290a100b38fcb8c8da748df21847cf3ec7d291ad9277ea1d736717>
2026-09-27 08:18:43.096	[RPC0]	WARNING	wallet.wallet2	src/wallet/wallet2.cpp:2523	Received money: 35.181788489981, with tx: <9675ccf382daa5bcd7d6b8d10e29511615006d0ef08134fe3f5f0db72433d8ec>
2026-09-27 08:18:43.096	[RPC0]	WARNING	wallet.wallet2	src/wallet/wallet2.cpp:2523	Received money: 35.181721386045, with tx: <f2f3d44cc0e5b4f879e4e0dc06b87ef117db95e0a35f83b361d57666419465eb>
2026-09-27 08:18:43.096	[RPC0]	WARNING	wallet.wallet2	src/wallet/wallet2.cpp:2523	Received money: 35.181654282237, with tx: <129eca29012a113cced62ec21e9e895381cb6daa58bbc39b74c7454e4f9a4224>
2026-09-27 08:18:43.096	[RPC0]	WARNING	wallet.wallet2	src/wallet/wallet2.cpp:2523	Received money: 35.181587178557, with tx: <60d9029d162b2f67eee70da5d85d8f8dab65f644e7950dd229cf882fdd03317b>
2026-09-27 08:18:43.096	[RPC0]	WARNING	wallet.wallet2	src/wallet/wallet2.cpp:2523	Received money: 35.181520075005, with tx: <1bd58c476a8990d3c3562b6d2eb222492c715fa637dd530e8774d848a44db086>
2026-09-27 08:18:43.097	[RPC0]	WARNING	wallet.wallet2	src/wallet/wallet2.cpp:2523	Received money: 35.181452971580, with tx: <9ad2a6db485ae5da94fde0a75dde7af152f8fc09e3ced82b4db852d02123803e>
2026-09-27 08:18:43.097	[RPC0]	WARNING	wallet.wallet2	src/wallet/wallet2.cpp:2523	Received money: 35.181385868284, with tx: <55d53ce78f48077f803381c35999c897d9b927bf531a4cf88d97b2f5279b097d>
2026-09-27 08:18:43.097	[RPC0]	WARNING	wallet.wallet2	src/wallet/wallet2.cpp:2523	Received money: 35.181318765116, with tx: <a9cd67705ad5f9083f8774aaa7afefbdbab4adc3d6d63ec5e20e23bbc5069b86>
2026-09-27 08:18:43.097	[RPC0]	WARNING	wallet.wallet2	src/wallet/wallet2.cpp:2523	Received money: 35.181251662076, with tx: <4b1a6af854dbfe29fb6f025313dcb857c2b5311d68911547acf85a53ef303b43>
2026-09-27 08:18:43.097	[RPC0]	WARNING	wallet.wallet2	src/wallet/wallet2.cpp:2523	Received money: 35.181184559163, with tx: <5f25f81ee117793ca62241de8df6afd4e9f4f0c2a402b9004928e0f9a4e06e8b>
2026-09-27 08:18:43.098	[RPC0]	WARNING	wallet.wallet2	src/wallet/wallet2.cpp:2523	Received money: 35.181117456379, with tx: <1890dd95725a6caa2fee24288cdcba456caee438636d708a4f6e32982cfa82c9>
2026-09-27 08:18:43.098	[RPC0]	WARNING	wallet.wallet2	src/wallet/wallet2.cpp:2523	Received money: 35.181050353723, with tx: <471fd446f619c1e3962c2476e3aa6fb9087a12a185f484c109b6c3e68c41eac0>
2026-09-27 08:18:43.098	[RPC0]	WARNING	wallet.wallet2	src/wallet/wallet2.cpp:2523	Received money: 35.180983251195, with tx: <42b71c51a148a4ec6290dc309681b73e6dd050fc4de75663765017a99136159f>
2026-09-27 08:18:43.098	[RPC0]	WARNING	wallet.wallet2	src/wallet/wallet2.cpp:2523	Received money: 35.180916148794, with tx: <3ef30922d29d99cd92140cb8c810bc50fb4a8fa465d4a7dbea0986c92e52a943>
2026-09-27 08:18:43.098	[RPC0]	WARNING	wallet.wallet2	src/wallet/wallet2.cpp:2523	Received money: 35.180849046522, with tx: <b68606b2bef15cafe728c18c0bac4ed92b354cf48dc9d5665be792cec2442127>
2026-09-27 08:18:43.099	[RPC0]	WARNING	wallet.wallet2	src/wallet/wallet2.cpp:2523	Received money: 35.180781944378, with tx: <7dbab12991153a17cecb828194b9765e6e4f10c8067ec098c6a53094ed488554>
2026-09-27 08:18:43.099	[RPC0]	WARNING	wallet.wallet2	src/wallet/wallet2.cpp:2523	Received money: 35.180714842361, with tx: <cbcd74cbae22d3c79091f53511c59dc7f091d0020902c1e2bd09dd7ca3cc6a41>
2026-09-27 08:18:43.099	[RPC0]	WARNING	wallet.wallet2	src/wallet/wallet2.cpp:2523	Received money: 35.180647740473, with tx: <a8870168bbf389d69d07d1d495cf2c230d0dc36775082ab0ce2cf10e16f550e1>
2026-09-27 08:18:43.099	[RPC0]	WARNING	wallet.wallet2	src/wallet/wallet2.cpp:2523	Received money: 35.180580638713, with tx: <65df45edbe034e70711dbcd713b9179f69bdaedca213884c53ef546b2079e77f>
2026-09-27 08:18:43.099	[RPC0]	WARNING	wallet.wallet2	src/wallet/wallet2.cpp:2523	Received money: 35.180513537080, with tx: <935ab039c3f55dcfd71c5d726adccd09b75eb87599ebcd123cb1224e09d76756>
2026-09-27 08:18:43.100	[RPC0]	WARNING	wallet.wallet2	src/wallet/wallet2.cpp:2523	Received money: 35.180446435576, with tx: <d9a15c1786c369ac51a665df11953afdb8beea59febd78b928461d702d162994>
2026-09-27 08:18:43.100	[RPC0]	WARNING	wallet.wallet2	src/wallet/wallet2.cpp:2523	Received money: 35.180379334199, with tx: <49a415a803ee61973563ee5d682f376c82d3a9d751c5626a106470154bbc001b>
2026-09-27 08:18:43.100	[RPC0]	WARNING	wallet.wallet2	src/wallet/wallet2.cpp:2523	Received money: 35.180312232951, with tx: <fee370e67ea0140b3efdde3683f9012b2a938980fb63aa3cac8bb11b7f012c41>
2026-09-27 08:18:43.100	[RPC0]	WARNING	wallet.wallet2	src/wallet/wallet2.cpp:2523	Received money: 35.180245131830, with tx: <86288c9a8cd2bc24ec8045d2f3b276493a6ce53855f4f178750d365ac364e1f1>
2026-09-27 08:18:43.101	[RPC0]	WARNING	wallet.wallet2	src/wallet/wallet2.cpp:2523	Received money: 35.180178030838, with tx: <7f0222886ae9bfd2ff326af951650a4f32ee21bd90ca74b62a64bc5755fb0379>
2026-09-27 08:18:43.101	[RPC0]	WARNING	wallet.wallet2	src/wallet/wallet2.cpp:2523	Received money: 35.180110929974, with tx: <f9b0d3c29afe5c54658b7ebb4f09bdbca59ddee36813b0919f796ab24a4c8b00>
2026-09-27 08:18:43.101	[RPC0]	WARNING	wallet.wallet2	src/wallet/wallet2.cpp:2523	Received money: 35.180043829237, with tx: <2f3c7ef31249457d43c2d9f5ab05adea000e3f86bb2489f7fc5f602e802d2103>
2026-09-27 08:18:43.101	[RPC0]	WARNING	wallet.wallet2	src/wallet/wallet2.cpp:2523	Received money: 35.179976728629, with tx: <8f12ec8e42ea1c22553cc85e89263990276c14175cf5bff9ab3df90080a125fd>
2026-09-27 08:18:43.101	[RPC0]	WARNING	wallet.wallet2	src/wallet/wallet2.cpp:2523	Received money: 35.179909628148, with tx: <89cf647382db196ea5d06c6a60d98e712b72f1f3303781b2d8f0b89a3cdcc603>
2026-09-27 08:18:43.102	[RPC0]	WARNING	wallet.wallet2	src/wallet/wallet2.cpp:2523	Received money: 35.179842527796, with tx: <417c17542681cd70bf0f471cbd79eb9478333bce3fd5a4446113e303639ef17d>
2026-09-27 08:18:43.102	[RPC0]	WARNING	wallet.wallet2	src/wallet/wallet2.cpp:2523	Received money: 35.179775427571, with tx: <dd2a234928e383d456999fccbd14771487617c1d0e44a8655a4ebab237367f42>
2026-09-27 08:18:43.102	[RPC0]	WARNING	wallet.wallet2	src/wallet/wallet2.cpp:2523	Received money: 35.179708327474, with tx: <fff3bccda63f8929dd2d922f662449e162e8f1ca94aa03066d75217f39c20bfd>
2026-09-27 08:18:43.102	[RPC0]	WARNING	wallet.wallet2	src/wallet/wallet2.cpp:2523	Received money: 35.179641227506, with tx: <62b241b2af98284a61bbaa9abebebb60ee55c71c7f8965b5603697756005342b>
2026-09-27 08:18:43.102	[RPC0]	WARNING	wallet.wallet2	src/wallet/wallet2.cpp:2523	Received money: 35.179574127665, with tx: <5f8b03bd4e761a7c5ec5c19b41b47757ea7cca19865302ad70eaa9f3b3055016>
2026-09-27 08:18:43.102	[RPC0]	WARNING	wallet.wallet2	src/wallet/wallet2.cpp:2523	Received money: 35.179507027953, with tx: <86dc5551ab7a0686f609b34e7cbea4fd7cdd16eb8993f99f8985b3a8a4fbef3f>
2026-09-27 08:18:43.103	[RPC0]	WARNING	wallet.wallet2	src/wallet/wallet2.cpp:2523	Received money: 35.179439928368, with tx: <ce1e901ed41c701feb306a79482c49648b82c72764ac738169ea6c180da8f1a8>
2026-09-27 08:18:43.103	[RPC0]	WARNING	wallet.wallet2	src/wallet/wallet2.cpp:2523	Received money: 35.179372828911, with tx: <1c13af37d133fdf698e970caea146d5bccd1ae627bf2ceec27891fba38d58ef1>
2026-09-27 08:18:43.103	[RPC0]	WARNING	wallet.wallet2	src/wallet/wallet2.cpp:2523	Received money: 35.179305729583, with tx: <3c64f82c8efdff3a75da3e8c90fb6cea9f3123c134311bee8b8e64ea717a9166>
2026-09-27 08:18:43.103	[RPC0]	WARNING	wallet.wallet2	src/wallet/wallet2.cpp:2523	Received money: 35.179238630382, with tx: <1cf460dbd25664dd13521cc9428c4421784c3c1698f65e74ad705c08aaef60ca>
2026-09-27 08:18:43.103	[RPC0]	WARNING	wallet.wallet2	src/wallet/wallet2.cpp:2523	Received money: 35.179171531309, with tx: <ec809d99bda67ca11be72968519dac2be69dd3cc73c7563437505bbe78fd1622>
2026-09-27 08:18:43.104	[RPC0]	WARNING	wallet.wallet2	src/wallet/wallet2.cpp:2523	Received money: 35.179104432365, with tx: <bf9de5971d43b1ad84eb2b237d91abd4ba292dcb8b727bff7ec921a43c3179de>
2026-09-27 08:18:43.104	[RPC0]	WARNING	wallet.wallet2	src/wallet/wallet2.cpp:2523	Received money: 35.179037333548, with tx: <2d87affbc76708a54c35a793d176e7046f9b7997dd1342ab14e3c25eb30494fd>
2026-09-27 08:18:43.104	[RPC0]	WARNING	wallet.wallet2	src/wallet/wallet2.cpp:2523	Received money: 35.178970234859, with tx: <225893ea9793043e384530413e4230e49d0f11f3df6a2ce5ca2da5a0ac90a3a6>
2026-09-27 08:18:43.104	[RPC0]	WARNING	wallet.wallet2	src/wallet/wallet2.cpp:2523	Received money: 35.178903136298, with tx: <80341d9c29f073d4be7cb4396afe5c5748fe95f4dff567f4c04f5499b40e1555>
2026-09-27 08:18:43.104	[RPC0]	WARNING	wallet.wallet2	src/wallet/wallet2.cpp:2523	Received money: 35.178836037865, with tx: <a686255361b6f287ad62fc09056b2bec58d9fad16ebc1fada36dbdfd59c0412a>
2026-09-27 08:18:43.105	[RPC0]	WARNING	wallet.wallet2	src/wallet/wallet2.cpp:2523	Received money: 35.178768939561, with tx: <86f45fdeee6d771f3fcd10965db48b05bfaa19e06a42835fa4398a6a00306cea>
2026-09-27 08:18:43.105	[RPC0]	WARNING	wallet.wallet2	src/wallet/wallet2.cpp:2523	Received money: 35.178701841384, with tx: <847c1493990b18c04a79538f9407a056ee5a43909d9a341a5412e2435edd2500>
2026-09-27 08:18:43.105	[RPC0]	WARNING	wallet.wallet2	src/wallet/wallet2.cpp:2523	Received money: 35.178634743335, with tx: <89fc04a3f36084474a3d474a29873546626543496e823d5107bc8a176420817c>
2026-09-27 08:18:43.105	[RPC0]	WARNING	wallet.wallet2	src/wallet/wallet2.cpp:2523	Received money: 35.178567645414, with tx: <0b9343717d65f70e42d443d8ded28f0f56014c63f2cc9a3ed9b57c84c33661c6>
2026-09-27 08:18:43.105	[RPC0]	WARNING	wallet.wallet2	src/wallet/wallet2.cpp:2523	Received money: 35.178500547621, with tx: <df7da29c3f9fc9f0064aa77e5ac157c7be2d32b7e05a01d3fe0c1326eab1c634>
2026-09-27 08:18:43.106	[RPC0]	WARNING	wallet.wallet2	src/wallet/wallet2.cpp:2523	Received money: 35.178433449956, with tx: <6a75fbf3d369ee336bafbb6cb87795e59b11f2f8d60b14e211baf6207050b91f>
2026-09-27 08:18:43.106	[RPC0]	WARNING	wallet.wallet2	src/wallet/wallet2.cpp:2523	Received money: 35.178366352419, with tx: <1f87104adef6e8332444c59f17ca92bf196d0e5b029f64802a048e6a9322e791>
2026-09-27 08:18:43.106	[RPC0]	WARNING	wallet.wallet2	src/wallet/wallet2.cpp:2523	Received money: 35.178299255010, with tx: <824c5e464f1fa241d705d1c3ef3ce74c9c5200ad40211d852e257883e8c3a03b>
2026-09-27 08:18:43.106	[RPC0]	WARNING	wallet.wallet2	src/wallet/wallet2.cpp:2523	Received money: 35.178232157729, with tx: <8924d4dce5a004226200f5385f88f654a2cc9985872bb4af15945630c042a31a>
2026-09-27 08:18:43.106	[RPC0]	WARNING	wallet.wallet2	src/wallet/wallet2.cpp:2523	Received money: 35.178165060576, with tx: <f959f478112ce649cea269d118b26e52c7ec014eb3b6f6847ea9b191b5a333b6>
2026-09-27 08:18:43.106	[RPC0]	WARNING	wallet.wallet2	src/wallet/wallet2.cpp:2523	Received money: 35.178097963551, with tx: <0f2a42068f751e11e8316dcfc944901f0f26673e884b2615086d464866f8f42c>
2026-09-27 08:18:43.107	[RPC0]	WARNING	wallet.wallet2	src/wallet/wallet2.cpp:2523	Received money: 35.178030866654, with tx: <9e739d6c9e0018f40dd3c20aa19418686ac7af2086b1bdf292198233d0b12f7d>
2026-09-27 08:18:43.107	[RPC0]	WARNING	wallet.wallet2	src/wallet/wallet2.cpp:2523	Received money: 35.177963769885, with tx: <07797e715dfaa135706b0b7e2f00661e6b21628d7d2f753260e455ca270faf30>
2026-09-27 08:18:43.107	[RPC0]	WARNING	wallet.wallet2	src/wallet/wallet2.cpp:2523	Received money: 35.177896673244, with tx: <2fe8ee816fb250c194250abba57ee1d5a1c53363b3b350c3ab70e5fddcba40b3>
2026-09-27 08:18:43.107	[RPC0]	WARNING	wallet.wallet2	src/wallet/wallet2.cpp:2523	Received money: 35.177829576731, with tx: <c79b8b9ffde284326d26587fb4343abde0d388fc779cebda55ca2d9f8e77b6f2>
2026-09-27 08:18:43.107	[RPC0]	WARNING	wallet.wallet2	src/wallet/wallet2.cpp:2523	Received money: 35.177762480346, with tx: <1be354237c34a52dcfab5bea4dcdb65be6374c23b277c3f2900d4b1b43b44000>
2026-09-27 08:18:43.108	[RPC0]	WARNING	wallet.wallet2	src/wallet/wallet2.cpp:2523	Received money: 35.177695384089, with tx: <fc544f6702d13ca3099ed86cc7197c56e2e8a3a79b39ee26fcbce0a340da38cd>
2026-09-27 08:18:43.108	[RPC0]	WARNING	wallet.wallet2	src/wallet/wallet2.cpp:2523	Received money: 35.177628287959, with tx: <8baa4f7ba2e2ebe9b6c63a4c57bb81133d446417fb0b3e81b02de52d4914190d>
2026-09-27 08:18:43.108	[RPC0]	WARNING	wallet.wallet2	src/wallet/wallet2.cpp:2523	Received money: 35.177561191958, with tx: <fe9b40ea42d8b55b37da3a1861bea7352e95673dead5c01bad1a5ef166155d7e>
2026-09-27 08:18:43.108	[RPC0]	WARNING	wallet.wallet2	src/wallet/wallet2.cpp:2523	Received money: 35.177494096085, with tx: <dca0e7fe9e23a397b446f9ca108e06b6061b6ee7e5a2bac7cdce54f56613a5a0>
2026-09-27 08:18:43.108	[RPC0]	WARNING	wallet.wallet2	src/wallet/wallet2.cpp:2523	Received money: 35.177427000340, with tx: <d3d8ba9dbf0d30d3a58012b4367c12b1ea912584cf0415ed78dd3e92ff010999>
2026-09-27 08:18:43.109	[RPC0]	WARNING	wallet.wallet2	src/wallet/wallet2.cpp:2523	Received money: 35.177359904722, with tx: <4217723d431c0b805c55ba2d45895bc184921202905da078b4b9c5f6bff8fcd1>
2026-09-27 08:18:43.109	[RPC0]	WARNING	wallet.wallet2	src/wallet/wallet2.cpp:2523	Received money: 35.177292809233, with tx: <06d68a80d1975af191e82b017f3920718a030e18fa1b99b078f578655cb7cb28>
2026-09-27 08:18:43.109	[RPC0]	WARNING	wallet.wallet2	src/wallet/wallet2.cpp:2523	Received money: 35.177225713872, with tx: <f646fa75f8396f0ba059d8bdc5db3a33b1c878d4216ae84af427c98127ecced7>
2026-09-27 08:18:43.109	[RPC0]	WARNING	wallet.wallet2	src/wallet/wallet2.cpp:2523	Received money: 35.177158618638, with tx: <8341104485f2c032be32bd1ca45387450c7d7faf5a24dc1a23667b80829ecfd5>
2026-09-27 08:18:43.109	[RPC0]	WARNING	wallet.wallet2	src/wallet/wallet2.cpp:2523	Received money: 35.177091523533, with tx: <40b4ee0b491cb30c0f24a4c027f746086a9fd9f5d92484893d0e8fa836d900ed>
2026-09-27 08:18:43.110	[RPC0]	WARNING	wallet.wallet2	src/wallet/wallet2.cpp:2523	Received money: 35.177024428556, with tx: <565aab35b390016b81a149df2e95a32ee6b40133416b55a5c3a0ef8ae83671c9>
2026-09-27 08:18:43.110	[RPC0]	WARNING	wallet.wallet2	src/wallet/wallet2.cpp:2523	Received money: 35.176957333706, with tx: <0b83c1bb001add3d4d61e1b7fc03badae4bc06720f0c5d02e656530de157776b>
2026-09-27 08:18:43.110	[RPC0]	WARNING	wallet.wallet2	src/wallet/wallet2.cpp:2523	Received money: 35.176890238985, with tx: <b10591e817fbfa867ccd93ef76a2ef875fe4b3f58f4486fd92395d138ec6abcf>
2026-09-27 08:18:43.110	[RPC0]	WARNING	wallet.wallet2	src/wallet/wallet2.cpp:2523	Received money: 35.176823144391, with tx: <7bbf125622acf1b123abff889a6d6f3d06948adcc05f95ca0e1ffa4e5aef6dc3>
2026-09-27 08:18:43.110	[RPC0]	WARNING	wallet.wallet2	src/wallet/wallet2.cpp:2523	Received money: 35.176756049926, with tx: <0099a2c9c4dc7084236abcb39c788c0bb4030cf4a88928e8c9836d06d24ac122>
2026-09-27 08:18:43.110	[RPC0]	WARNING	wallet.wallet2	src/wallet/wallet2.cpp:2523	Received money: 35.176688955588, with tx: <61913be92487f9f552ecf5e45b4017115a182b3f57c4dc8760fbc60c6b32c7f1>
2026-09-27 08:18:43.111	[RPC0]	WARNING	wallet.wallet2	src/wallet/wallet2.cpp:2523	Received money: 35.176621861378, with tx: <bde28575110d057f9d02a1057e29b8b215e2e6c2dbd934b0259e62cb661705d4>
2026-09-27 08:18:43.111	[RPC0]	WARNING	wallet.wallet2	src/wallet/wallet2.cpp:2523	Received money: 35.176554767297, with tx: <8c79cda3a74d807818830badd32662575f868122bb9e746369d857d2591a3ad4>
2026-09-27 08:18:43.111	[RPC0]	WARNING	wallet.wallet2	src/wallet/wallet2.cpp:2523	Received money: 35.176487673343, with tx: <d9c2d99c92e4de868f49857142d34a92a0c812ab369a6751bce9e39594d13537>
2026-09-27 08:18:43.111	[RPC0]	WARNING	wallet.wallet2	src/wallet/wallet2.cpp:2523	Received money: 35.176420579517, with tx: <12cbfc2211b4af3e8ff23813e9f73ead78b1946e980fb990a6f273ec400c1bf2>
2026-09-27 08:18:43.111	[RPC0]	WARNING	wallet.wallet2	src/wallet/wallet2.cpp:2523	Received money: 35.176353485820, with tx: <7a1335421388807baa9fe2c1bb7974edbde7835ddf821709b618c6caf8ec6e53>
2026-09-27 08:18:43.112	[RPC0]	WARNING	wallet.wallet2	src/wallet/wallet2.cpp:2523	Received money: 35.176286392250, with tx: <6736d7fcf681cade90eb2b4f4860c64084c13acf9ce110dc1d9b9332ef6c697d>
2026-09-27 08:18:43.112	[RPC0]	WARNING	wallet.wallet2	src/wallet/wallet2.cpp:2523	Received money: 35.176219298808, with tx: <362f5fbcaa57a85e4cf89b50c739cf222b4d0e69f1c73df2aa7c352e54938895>
2026-09-27 08:18:43.112	[RPC0]	WARNING	wallet.wallet2	src/wallet/wallet2.cpp:2523	Received money: 35.176152205495, with tx: <2f9073e8609d191cc0ae8b1c2632c25772287b4b684de92e025437e6dd464c4c>
2026-09-27 08:18:43.112	[RPC0]	WARNING	wallet.wallet2	src/wallet/wallet2.cpp:2523	Received money: 35.176085112309, with tx: <6ef3c3de2f09cc2c82569f11c44ab0962ec09e1f0817b1bedf69eb695f277623>
2026-09-27 08:18:43.112	[RPC0]	WARNING	wallet.wallet2	src/wallet/wallet2.cpp:2523	Received money: 35.176018019251, with tx: <8bb2ef0a3a49974d774550609e608ef5d5fe63500a3913378a393872b356e734>
2026-09-27 08:18:43.113	[RPC0]	WARNING	wallet.wallet2	src/wallet/wallet2.cpp:2523	Received money: 35.175950926321, with tx: <900e8e4e73e0e7dbfbaf20c18cfb2678916a664399c3de87937a9c4ad3c49745>
2026-09-27 08:18:43.113	[RPC0]	WARNING	wallet.wallet2	src/wallet/wallet2.cpp:2523	Received money: 35.175883833519, with tx: <f379ef938472518df52d487d920d6e94d0956c81ee4df091837b255e4e37a908>
2026-09-27 08:18:43.113	[RPC0]	WARNING	wallet.wallet2	src/wallet/wallet2.cpp:2523	Received money: 35.175816740845, with tx: <777d292310a9082d19bd9e849131c11a01a09c42050b325cae2d23a800e6a0fc>
2026-09-27 08:18:43.113	[RPC0]	WARNING	wallet.wallet2	src/wallet/wallet2.cpp:2523	Received money: 35.175749648299, with tx: <ed86185ade6b8679811dc067c38516f6a1d6603b66bb5ec1bc7fae2fbb5e78af>
2026-09-27 08:18:43.113	[RPC0]	WARNING	wallet.wallet2	src/wallet/wallet2.cpp:2523	Received money: 35.175682555881, with tx: <7ea22a8d155ec8308e814ccc486e81c2d7a6576650d4cefa421d8ce35b89f3da>
2026-09-27 08:18:43.158	[RPC0]	WARNING	wallet.wallet2	src/wallet/wallet2.cpp:8158	Requested ring size 1 too low, using 16
2026-09-27 08:18:43.168	[RPC0]	WARNING	wallet.wallet2	src/wallet/wallet2.h:2550	amount=35.184338534400, real_output=0, real_output_in_tx_index=0, indexes: 0 10 16 20 21 30 31 55 56 57 59 62 63 64 69 70 
2026-09-27 08:18:43.169	[RPC0]	WARNING	wallet.wallet2	src/wallet/wallet2.h:2550	amount=35.184338534400, real_output=0, real_output_in_tx_index=0, indexes: 0 10 16 20 21 30 31 55 56 57 59 62 63 64 69 70 
2026-09-27 08:18:43.182	[RPC0]	WARNING	wallet.wallet2	src/wallet/wallet2.h:2550	amount=35.184338534400, real_output=0, real_output_in_tx_index=0, indexes: 0 6 11 22 23 24 33 35 40 41 51 56 58 59 65 67 
2026-09-27 08:18:43.182	[RPC0]	WARNING	wallet.wallet2	src/wallet/wallet2.h:2550	amount=35.179641227506, real_output=15, real_output_in_tx_index=0, indexes: 16 18 26 31 33 37 40 42 50 51 52 53 54 56 66 70 
2026-09-27 08:18:43.183	[RPC0]	WARNING	wallet.wallet2	src/wallet/wallet2.h:2550	amount=35.184338534400, real_output=0, real_output_in_tx_index=0, indexes: 0 6 11 22 23 24 33 35 40 41 51 56 58 59 65 67 
2026-09-27 08:18:43.183	[RPC0]	WARNING	wallet.wallet2	src/wallet/wallet2.h:2550	amount=35.179641227506, real_output=15, real_output_in_tx_index=0, indexes: 16 18 26 31 33 37 40 42 50 51 52 53 54 56 66 70 
